codigo_estacion,nombre_estacion,latitud,altura_msnm,anio,mes,dia,temp_min,temp_max
180005,"Chacalluta, Arica Ap.",18&deg 21' 20'' S,50,2023,8,1,17.1,18.4
180005,"Chacalluta, Arica Ap.",18&deg 21' 20'' S,50,2023,8,2,17.4,20.2
180005,"Chacalluta, Arica Ap.",18&deg 21' 20'' S,50,2023,8,3,17.6,20.1
180005,"Chacalluta, Arica Ap.",18&deg 21' 20'' S,50,2023,8,4,17.5,20.0
180005,"Chacalluta, Arica Ap.",18&deg 21' 20'' S,50,2023,8,5,17.0,19.9
180005,"Chacalluta, Arica Ap.",18&deg 21' 20'' S,50,2023,8,6,17.9,20.4
180005,"Chacalluta, Arica Ap.",18&deg 21' 20'' S,50,2023,8,7,18.1,20.8
180005,"Chacalluta, Arica Ap.",18&deg 21' 20'' S,50,2023,8,8,18.1,21.2
180005,"Chacalluta, Arica Ap.",18&deg 21' 20'' S,50,2023,8,9,18.4,21.0
180005,"Chacalluta, Arica Ap.",18&deg 21' 20'' S,50,2023,8,10,17.8,20.8
180005,"Chacalluta, Arica Ap.",18&deg 21' 20'' S,50,2023,8,11,16.7,19.4
180005,"Chacalluta, Arica Ap.",18&deg 21' 20'' S,50,2023,8,12,17.7,20.1
180005,"Chacalluta, Arica Ap.",18&deg 21' 20'' S,50,2023,8,13,17.8,20.6
180005,"Chacalluta, Arica Ap.",18&deg 21' 20'' S,50,2023,8,14,17.0,20.4
180005,"Chacalluta, Arica Ap.",18&deg 21' 20'' S,50,2023,8,15,14.4,20.3
180005,"Chacalluta, Arica Ap.",18&deg 21' 20'' S,50,2023,8,16,17.8,21.0
180005,"Chacalluta, Arica Ap.",18&deg 21' 20'' S,50,2023,8,17,18.3,20.9
180005,"Chacalluta, Arica Ap.",18&deg 21' 20'' S,50,2023,8,18,18.3,21.1
180005,"Chacalluta, Arica Ap.",18&deg 21' 20'' S,50,2023,8,19,17.6,20.3
180005,"Chacalluta, Arica Ap.",18&deg 21' 20'' S,50,2023,8,20,17.6,20.5
180005,"Chacalluta, Arica Ap.",18&deg 21' 20'' S,50,2023,8,21,15.6,19.8
180005,"Chacalluta, Arica Ap.",18&deg 21' 20'' S,50,2023,8,22,14.2,20.4
180005,"Chacalluta, Arica Ap.",18&deg 21' 20'' S,50,2023,8,23,18.2,21.2
180005,"Chacalluta, Arica Ap.",18&deg 21' 20'' S,50,2023,8,24,17.7,21.1
180005,"Chacalluta, Arica Ap.",18&deg 21' 20'' S,50,2023,8,25,18.5,21.3
180005,"Chacalluta, Arica Ap.",18&deg 21' 20'' S,50,2023,8,26,17.8,20.8
180005,"Chacalluta, Arica Ap.",18&deg 21' 20'' S,50,2023,8,27,18.0,20.6
180005,"Chacalluta, Arica Ap.",18&deg 21' 20'' S,50,2023,8,28,17.7,20.3
180005,"Chacalluta, Arica Ap.",18&deg 21' 20'' S,50,2023,8,29,18.1,21.1
180005,"Chacalluta, Arica Ap.",18&deg 21' 20'' S,50,2023,8,30,18.1,20.0
180005,"Chacalluta, Arica Ap.",18&deg 21' 20'' S,50,2023,8,31,17.4,20.1
200006,Diego Aracena Iquique Ap.,20&deg 32' 57'' S,48,2023,8,1,15.9,19.9
200006,Diego Aracena Iquique Ap.,20&deg 32' 57'' S,48,2023,8,2,18.1,20.7
200006,Diego Aracena Iquique Ap.,20&deg 32' 57'' S,48,2023,8,3,18.1,20.5
200006,Diego Aracena Iquique Ap.,20&deg 32' 57'' S,48,2023,8,4,18.1,20.1
200006,Diego Aracena Iquique Ap.,20&deg 32' 57'' S,48,2023,8,5,15.2,19.8
200006,Diego Aracena Iquique Ap.,20&deg 32' 57'' S,48,2023,8,6,14.8,20.9
200006,Diego Aracena Iquique Ap.,20&deg 32' 57'' S,48,2023,8,7,17.6,20.7
200006,Diego Aracena Iquique Ap.,20&deg 32' 57'' S,48,2023,8,8,17.5,20.2
200006,Diego Aracena Iquique Ap.,20&deg 32' 57'' S,48,2023,8,9,18.1,20.6
200006,Diego Aracena Iquique Ap.,20&deg 32' 57'' S,48,2023,8,10,16.8,20.5
200006,Diego Aracena Iquique Ap.,20&deg 32' 57'' S,48,2023,8,11,17.9,19.7
200006,Diego Aracena Iquique Ap.,20&deg 32' 57'' S,48,2023,8,12,17.7,20.3
200006,Diego Aracena Iquique Ap.,20&deg 32' 57'' S,48,2023,8,13,17.7,20.5
200006,Diego Aracena Iquique Ap.,20&deg 32' 57'' S,48,2023,8,14,15.8,20.2
200006,Diego Aracena Iquique Ap.,20&deg 32' 57'' S,48,2023,8,15,14.1,20.8
200006,Diego Aracena Iquique Ap.,20&deg 32' 57'' S,48,2023,8,16,16.6,20.8
200006,Diego Aracena Iquique Ap.,20&deg 32' 57'' S,48,2023,8,17,17.4,20.7
200006,Diego Aracena Iquique Ap.,20&deg 32' 57'' S,48,2023,8,18,17.3,20.4
200006,Diego Aracena Iquique Ap.,20&deg 32' 57'' S,48,2023,8,19,16.4,20.4
200006,Diego Aracena Iquique Ap.,20&deg 32' 57'' S,48,2023,8,20,17.9,20.0
200006,Diego Aracena Iquique Ap.,20&deg 32' 57'' S,48,2023,8,21,17.4,20.5
200006,Diego Aracena Iquique Ap.,20&deg 32' 57'' S,48,2023,8,22,15.6,20.6
200006,Diego Aracena Iquique Ap.,20&deg 32' 57'' S,48,2023,8,23,17.2,20.8
200006,Diego Aracena Iquique Ap.,20&deg 32' 57'' S,48,2023,8,24,18.0,21.4
200006,Diego Aracena Iquique Ap.,20&deg 32' 57'' S,48,2023,8,25,16.4,20.8
200006,Diego Aracena Iquique Ap.,20&deg 32' 57'' S,48,2023,8,26,17.3,20.4
200006,Diego Aracena Iquique Ap.,20&deg 32' 57'' S,48,2023,8,27,18.1,20.9
200006,Diego Aracena Iquique Ap.,20&deg 32' 57'' S,48,2023,8,28,18.2,21.1
200006,Diego Aracena Iquique Ap.,20&deg 32' 57'' S,48,2023,8,29,18.3,21.3
200006,Diego Aracena Iquique Ap.,20&deg 32' 57'' S,48,2023,8,30,18.1,20.7
200006,Diego Aracena Iquique Ap.,20&deg 32' 57'' S,48,2023,8,31,17.5,20.2
220002,"El Loa, Calama Ad.",22&deg 29' 53'' S,2321,2023,8,1,4.1,28.0
220002,"El Loa, Calama Ad.",22&deg 29' 53'' S,2321,2023,8,2,2.2,24.9
220002,"El Loa, Calama Ad.",22&deg 29' 53'' S,2321,2023,8,3,1.6,24.2
220002,"El Loa, Calama Ad.",22&deg 29' 53'' S,2321,2023,8,4,1.0,25.8
220002,"El Loa, Calama Ad.",22&deg 29' 53'' S,2321,2023,8,5,3.2,24.6
220002,"El Loa, Calama Ad.",22&deg 29' 53'' S,2321,2023,8,6,2.5,24.2
220002,"El Loa, Calama Ad.",22&deg 29' 53'' S,2321,2023,8,7,4.2,24.6
220002,"El Loa, Calama Ad.",22&deg 29' 53'' S,2321,2023,8,8,5.7,23.7
220002,"El Loa, Calama Ad.",22&deg 29' 53'' S,2321,2023,8,9,4.8,24.7
220002,"El Loa, Calama Ad.",22&deg 29' 53'' S,2321,2023,8,10,3.1,23.9
220002,"El Loa, Calama Ad.",22&deg 29' 53'' S,2321,2023,8,11,1.7,25.9
220002,"El Loa, Calama Ad.",22&deg 29' 53'' S,2321,2023,8,12,1.9,23.7
220002,"El Loa, Calama Ad.",22&deg 29' 53'' S,2321,2023,8,13,1.4,24.3
220002,"El Loa, Calama Ad.",22&deg 29' 53'' S,2321,2023,8,14,2.8,24.7
220002,"El Loa, Calama Ad.",22&deg 29' 53'' S,2321,2023,8,15,0.9,23.5
220002,"El Loa, Calama Ad.",22&deg 29' 53'' S,2321,2023,8,16,1.0,23.2
220002,"El Loa, Calama Ad.",22&deg 29' 53'' S,2321,2023,8,17,0.8,21.8
220002,"El Loa, Calama Ad.",22&deg 29' 53'' S,2321,2023,8,18,-0.4,21.8
220002,"El Loa, Calama Ad.",22&deg 29' 53'' S,2321,2023,8,19,1.7,22.6
220002,"El Loa, Calama Ad.",22&deg 29' 53'' S,2321,2023,8,20,3.9,23.9
220002,"El Loa, Calama Ad.",22&deg 29' 53'' S,2321,2023,8,21,0.0,24.4
220002,"El Loa, Calama Ad.",22&deg 29' 53'' S,2321,2023,8,22,1.7,26.3
220002,"El Loa, Calama Ad.",22&deg 29' 53'' S,2321,2023,8,23,-2.3,26.0
220002,"El Loa, Calama Ad.",22&deg 29' 53'' S,2321,2023,8,24,1.9,25.3
220002,"El Loa, Calama Ad.",22&deg 29' 53'' S,2321,2023,8,25,1.6,24.4
220002,"El Loa, Calama Ad.",22&deg 29' 53'' S,2321,2023,8,26,-0.5,26.0
220002,"El Loa, Calama Ad.",22&deg 29' 53'' S,2321,2023,8,27,5.8,24.7
220002,"El Loa, Calama Ad.",22&deg 29' 53'' S,2321,2023,8,28,6.2,25.3
220002,"El Loa, Calama Ad.",22&deg 29' 53'' S,2321,2023,8,29,4.6,25.5
220002,"El Loa, Calama Ad.",22&deg 29' 53'' S,2321,2023,8,30,4.9,24.3
220002,"El Loa, Calama Ad.",22&deg 29' 53'' S,2321,2023,8,31,3.2,24.6
230001,Cerro Moreno  Antofagasta  Ap.,23&deg 27' 13'' S,112,2023,8,1,14.3,18.4
230001,Cerro Moreno  Antofagasta  Ap.,23&deg 27' 13'' S,112,2023,8,2,16.5,20.6
230001,Cerro Moreno  Antofagasta  Ap.,23&deg 27' 13'' S,112,2023,8,3,16.5,19.5
230001,Cerro Moreno  Antofagasta  Ap.,23&deg 27' 13'' S,112,2023,8,4,15.9,19.2
230001,Cerro Moreno  Antofagasta  Ap.,23&deg 27' 13'' S,112,2023,8,5,16.4,19.2
230001,Cerro Moreno  Antofagasta  Ap.,23&deg 27' 13'' S,112,2023,8,6,14.7,19.0
230001,Cerro Moreno  Antofagasta  Ap.,23&deg 27' 13'' S,112,2023,8,7,14.3,18.9
230001,Cerro Moreno  Antofagasta  Ap.,23&deg 27' 13'' S,112,2023,8,8,15.6,18.6
230001,Cerro Moreno  Antofagasta  Ap.,23&deg 27' 13'' S,112,2023,8,9,15.6,19.1
230001,Cerro Moreno  Antofagasta  Ap.,23&deg 27' 13'' S,112,2023,8,10,15.9,18.1
230001,Cerro Moreno  Antofagasta  Ap.,23&deg 27' 13'' S,112,2023,8,11,15.8,21.2
230001,Cerro Moreno  Antofagasta  Ap.,23&deg 27' 13'' S,112,2023,8,12,15.4,19.7
230001,Cerro Moreno  Antofagasta  Ap.,23&deg 27' 13'' S,112,2023,8,13,16.1,19.6
230001,Cerro Moreno  Antofagasta  Ap.,23&deg 27' 13'' S,112,2023,8,14,15.9,20.1
230001,Cerro Moreno  Antofagasta  Ap.,23&deg 27' 13'' S,112,2023,8,15,12.9,19.1
230001,Cerro Moreno  Antofagasta  Ap.,23&deg 27' 13'' S,112,2023,8,16,15.1,18.9
230001,Cerro Moreno  Antofagasta  Ap.,23&deg 27' 13'' S,112,2023,8,17,14.7,18.4
230001,Cerro Moreno  Antofagasta  Ap.,23&deg 27' 13'' S,112,2023,8,18,15.3,18.3
230001,Cerro Moreno  Antofagasta  Ap.,23&deg 27' 13'' S,112,2023,8,19,13.5,19.8
230001,Cerro Moreno  Antofagasta  Ap.,23&deg 27' 13'' S,112,2023,8,20,14.2,20.6
230001,Cerro Moreno  Antofagasta  Ap.,23&deg 27' 13'' S,112,2023,8,21,13.6,19.9
230001,Cerro Moreno  Antofagasta  Ap.,23&deg 27' 13'' S,112,2023,8,22,15.6,18.4
230001,Cerro Moreno  Antofagasta  Ap.,23&deg 27' 13'' S,112,2023,8,23,15.0,19.0
230001,Cerro Moreno  Antofagasta  Ap.,23&deg 27' 13'' S,112,2023,8,24,16.0,19.8
230001,Cerro Moreno  Antofagasta  Ap.,23&deg 27' 13'' S,112,2023,8,25,15.1,18.0
230001,Cerro Moreno  Antofagasta  Ap.,23&deg 27' 13'' S,112,2023,8,26,14.3,17.9
230001,Cerro Moreno  Antofagasta  Ap.,23&deg 27' 13'' S,112,2023,8,27,15.3,18.6
230001,Cerro Moreno  Antofagasta  Ap.,23&deg 27' 13'' S,112,2023,8,28,14.0,19.2
230001,Cerro Moreno  Antofagasta  Ap.,23&deg 27' 13'' S,112,2023,8,29,15.6,18.3
230001,Cerro Moreno  Antofagasta  Ap.,23&deg 27' 13'' S,112,2023,8,30,15.6,17.9
230001,Cerro Moreno  Antofagasta  Ap.,23&deg 27' 13'' S,112,2023,8,31,15.1,17.8
270001,Mataveri  Isla de Pascua Ap.,27&deg 9' 32'' S,44,2023,8,1,12.1,18.0
270001,Mataveri  Isla de Pascua Ap.,27&deg 9' 32'' S,44,2023,8,2,10.8,18.1
270001,Mataveri  Isla de Pascua Ap.,27&deg 9' 32'' S,44,2023,8,3,13.6,18.6
270001,Mataveri  Isla de Pascua Ap.,27&deg 9' 32'' S,44,2023,8,4,13.3,20.1
270001,Mataveri  Isla de Pascua Ap.,27&deg 9' 32'' S,44,2023,8,5,15.4,19.3
270001,Mataveri  Isla de Pascua Ap.,27&deg 9' 32'' S,44,2023,8,6,9.2,20.4
270001,Mataveri  Isla de Pascua Ap.,27&deg 9' 32'' S,44,2023,8,7,18.0,20.9
270001,Mataveri  Isla de Pascua Ap.,27&deg 9' 32'' S,44,2023,8,8,17.8,20.8
270001,Mataveri  Isla de Pascua Ap.,27&deg 9' 32'' S,44,2023,8,9,13.1,22.0
270001,Mataveri  Isla de Pascua Ap.,27&deg 9' 32'' S,44,2023,8,10,18.9,22.7
270001,Mataveri  Isla de Pascua Ap.,27&deg 9' 32'' S,44,2023,8,11,20.5,22.7
270001,Mataveri  Isla de Pascua Ap.,27&deg 9' 32'' S,44,2023,8,12,16.1,21.8
270001,Mataveri  Isla de Pascua Ap.,27&deg 9' 32'' S,44,2023,8,13,15.5,21.5
270001,Mataveri  Isla de Pascua Ap.,27&deg 9' 32'' S,44,2023,8,14,14.9,20.5
270001,Mataveri  Isla de Pascua Ap.,27&deg 9' 32'' S,44,2023,8,15,16.3,21.9
270001,Mataveri  Isla de Pascua Ap.,27&deg 9' 32'' S,44,2023,8,16,17.9,22.6
270001,Mataveri  Isla de Pascua Ap.,27&deg 9' 32'' S,44,2023,8,17,9.5,22.9
270001,Mataveri  Isla de Pascua Ap.,27&deg 9' 32'' S,44,2023,8,18,16.5,20.2
270001,Mataveri  Isla de Pascua Ap.,27&deg 9' 32'' S,44,2023,8,19,16.3,21.6
270001,Mataveri  Isla de Pascua Ap.,27&deg 9' 32'' S,44,2023,8,20,15.9,20.3
270001,Mataveri  Isla de Pascua Ap.,27&deg 9' 32'' S,44,2023,8,21,13.9,18.2
270001,Mataveri  Isla de Pascua Ap.,27&deg 9' 32'' S,44,2023,8,22,13.1,17.8
270001,Mataveri  Isla de Pascua Ap.,27&deg 9' 32'' S,44,2023,8,23,13.7,18.3
270001,Mataveri  Isla de Pascua Ap.,27&deg 9' 32'' S,44,2023,8,24,10.1,19.0
270001,Mataveri  Isla de Pascua Ap.,27&deg 9' 32'' S,44,2023,8,25,7.7,19.4
270001,Mataveri  Isla de Pascua Ap.,27&deg 9' 32'' S,44,2023,8,26,16.4,19.6
270001,Mataveri  Isla de Pascua Ap.,27&deg 9' 32'' S,44,2023,8,27,11.6,18.9
270001,Mataveri  Isla de Pascua Ap.,27&deg 9' 32'' S,44,2023,8,28,11.1,18.9
270001,Mataveri  Isla de Pascua Ap.,27&deg 9' 32'' S,44,2023,8,29,14.0,21.8
270001,Mataveri  Isla de Pascua Ap.,27&deg 9' 32'' S,44,2023,8,30,16.2,22.0
270001,Mataveri  Isla de Pascua Ap.,27&deg 9' 32'' S,44,2023,8,31,13.4,22.6
270008,"Desierto de Atacama, Caldera  Ad.",27&deg 15' 16'' S,197,2023,8,1,11.8,17.8
270008,"Desierto de Atacama, Caldera  Ad.",27&deg 15' 16'' S,197,2023,8,2,14.0,18.6
270008,"Desierto de Atacama, Caldera  Ad.",27&deg 15' 16'' S,197,2023,8,3,13.4,19.5
270008,"Desierto de Atacama, Caldera  Ad.",27&deg 15' 16'' S,197,2023,8,4,12.5,17.9
270008,"Desierto de Atacama, Caldera  Ad.",27&deg 15' 16'' S,197,2023,8,5,13.6,15.9
270008,"Desierto de Atacama, Caldera  Ad.",27&deg 15' 16'' S,197,2023,8,6,13.5,20.1
270008,"Desierto de Atacama, Caldera  Ad.",27&deg 15' 16'' S,197,2023,8,7,7.7,17.9
270008,"Desierto de Atacama, Caldera  Ad.",27&deg 15' 16'' S,197,2023,8,8,12.9,19.8
270008,"Desierto de Atacama, Caldera  Ad.",27&deg 15' 16'' S,197,2023,8,9,8.5,18.5
270008,"Desierto de Atacama, Caldera  Ad.",27&deg 15' 16'' S,197,2023,8,10,10.7,20.8
270008,"Desierto de Atacama, Caldera  Ad.",27&deg 15' 16'' S,197,2023,8,11,8.2,19.8
270008,"Desierto de Atacama, Caldera  Ad.",27&deg 15' 16'' S,197,2023,8,12,13.5,19.1
270008,"Desierto de Atacama, Caldera  Ad.",27&deg 15' 16'' S,197,2023,8,13,13.0,19.2
270008,"Desierto de Atacama, Caldera  Ad.",27&deg 15' 16'' S,197,2023,8,14,13.1,18.5
270008,"Desierto de Atacama, Caldera  Ad.",27&deg 15' 16'' S,197,2023,8,15,13.9,20.1
270008,"Desierto de Atacama, Caldera  Ad.",27&deg 15' 16'' S,197,2023,8,16,14.3,19.8
270008,"Desierto de Atacama, Caldera  Ad.",27&deg 15' 16'' S,197,2023,8,17,8.6,19.3
270008,"Desierto de Atacama, Caldera  Ad.",27&deg 15' 16'' S,197,2023,8,18,9.4,21.5
270008,"Desierto de Atacama, Caldera  Ad.",27&deg 15' 16'' S,197,2023,8,19,9.2,27.6
270008,"Desierto de Atacama, Caldera  Ad.",27&deg 15' 16'' S,197,2023,8,20,13.8,28.1
270008,"Desierto de Atacama, Caldera  Ad.",27&deg 15' 16'' S,197,2023,8,21,12.8,20.8
270008,"Desierto de Atacama, Caldera  Ad.",27&deg 15' 16'' S,197,2023,8,22,11.1,22.0
270008,"Desierto de Atacama, Caldera  Ad.",27&deg 15' 16'' S,197,2023,8,23,8.1,22.7
270008,"Desierto de Atacama, Caldera  Ad.",27&deg 15' 16'' S,197,2023,8,24,9.0,18.7
270008,"Desierto de Atacama, Caldera  Ad.",27&deg 15' 16'' S,197,2023,8,25,11.4,19.2
270008,"Desierto de Atacama, Caldera  Ad.",27&deg 15' 16'' S,197,2023,8,26,8.3,20.7
270008,"Desierto de Atacama, Caldera  Ad.",27&deg 15' 16'' S,197,2023,8,27,9.2,19.2
270008,"Desierto de Atacama, Caldera  Ad.",27&deg 15' 16'' S,197,2023,8,28,10.6,18.7
270008,"Desierto de Atacama, Caldera  Ad.",27&deg 15' 16'' S,197,2023,8,29,7.3,20.0
270008,"Desierto de Atacama, Caldera  Ad.",27&deg 15' 16'' S,197,2023,8,30,9.6,18.7
270008,"Desierto de Atacama, Caldera  Ad.",27&deg 15' 16'' S,197,2023,8,31,9.7,17.6
290004,"La Florida, La Serena Ad.",29&deg 54' 52'' S,137,2023,8,1,6.5,17.0
290004,"La Florida, La Serena Ad.",29&deg 54' 52'' S,137,2023,8,2,10.4,17.7
290004,"La Florida, La Serena Ad.",29&deg 54' 52'' S,137,2023,8,3,13.1,15.7
290004,"La Florida, La Serena Ad.",29&deg 54' 52'' S,137,2023,8,4,12.3,15.3
290004,"La Florida, La Serena Ad.",29&deg 54' 52'' S,137,2023,8,5,12.3,14.9
290004,"La Florida, La Serena Ad.",29&deg 54' 52'' S,137,2023,8,6,12.5,18.9
290004,"La Florida, La Serena Ad.",29&deg 54' 52'' S,137,2023,8,7,7.7,15.6
290004,"La Florida, La Serena Ad.",29&deg 54' 52'' S,137,2023,8,8,12.0,17.6
290004,"La Florida, La Serena Ad.",29&deg 54' 52'' S,137,2023,8,9,11.5,15.8
290004,"La Florida, La Serena Ad.",29&deg 54' 52'' S,137,2023,8,10,9.3,19.5
290004,"La Florida, La Serena Ad.",29&deg 54' 52'' S,137,2023,8,11,9.3,20.3
290004,"La Florida, La Serena Ad.",29&deg 54' 52'' S,137,2023,8,12,8.3,17.1
290004,"La Florida, La Serena Ad.",29&deg 54' 52'' S,137,2023,8,13,11.1,15.9
290004,"La Florida, La Serena Ad.",29&deg 54' 52'' S,137,2023,8,14,12.6,15.8
290004,"La Florida, La Serena Ad.",29&deg 54' 52'' S,137,2023,8,15,12.0,17.2
290004,"La Florida, La Serena Ad.",29&deg 54' 52'' S,137,2023,8,16,12.9,18.4
290004,"La Florida, La Serena Ad.",29&deg 54' 52'' S,137,2023,8,17,11.4,18.5
290004,"La Florida, La Serena Ad.",29&deg 54' 52'' S,137,2023,8,18,10.0,18.7
290004,"La Florida, La Serena Ad.",29&deg 54' 52'' S,137,2023,8,19,10.6,22.4
290004,"La Florida, La Serena Ad.",29&deg 54' 52'' S,137,2023,8,20,13.4,26.2
290004,"La Florida, La Serena Ad.",29&deg 54' 52'' S,137,2023,8,21,10.3,19.3
290004,"La Florida, La Serena Ad.",29&deg 54' 52'' S,137,2023,8,22,11.0,20.6
290004,"La Florida, La Serena Ad.",29&deg 54' 52'' S,137,2023,8,23,9.4,19.9
290004,"La Florida, La Serena Ad.",29&deg 54' 52'' S,137,2023,8,24,12.4,18.1
290004,"La Florida, La Serena Ad.",29&deg 54' 52'' S,137,2023,8,25,8.4,18.6
290004,"La Florida, La Serena Ad.",29&deg 54' 52'' S,137,2023,8,26,8.0,19.1
290004,"La Florida, La Serena Ad.",29&deg 54' 52'' S,137,2023,8,27,8.7,24.2
290004,"La Florida, La Serena Ad.",29&deg 54' 52'' S,137,2023,8,28,10.0,18.7
290004,"La Florida, La Serena Ad.",29&deg 54' 52'' S,137,2023,8,29,9.5,18.8
290004,"La Florida, La Serena Ad.",29&deg 54' 52'' S,137,2023,8,30,8.7,18.6
290004,"La Florida, La Serena Ad.",29&deg 54' 52'' S,137,2023,8,31,8.2,17.3
330007,"Rodelillo, Ad.",33&deg 3' 55'' S,330,2023,8,1,8.1,24.2
330007,"Rodelillo, Ad.",33&deg 3' 55'' S,330,2023,8,2,14.1,24.6
330007,"Rodelillo, Ad.",33&deg 3' 55'' S,330,2023,8,3,8.1,12.1
330007,"Rodelillo, Ad.",33&deg 3' 55'' S,330,2023,8,4,5.9,19.8
330007,"Rodelillo, Ad.",33&deg 3' 55'' S,330,2023,8,5,10.7,11.8
330007,"Rodelillo, Ad.",33&deg 3' 55'' S,330,2023,8,6,10.7,17.1
330007,"Rodelillo, Ad.",33&deg 3' 55'' S,330,2023,8,7,8.1,15.8
330007,"Rodelillo, Ad.",33&deg 3' 55'' S,330,2023,8,8,7.5,12.8
330007,"Rodelillo, Ad.",33&deg 3' 55'' S,330,2023,8,9,10.0,12.7
330007,"Rodelillo, Ad.",33&deg 3' 55'' S,330,2023,8,10,8.6,15.0
330007,"Rodelillo, Ad.",33&deg 3' 55'' S,330,2023,8,11,8.7,17.4
330007,"Rodelillo, Ad.",33&deg 3' 55'' S,330,2023,8,12,9.3,23.3
330007,"Rodelillo, Ad.",33&deg 3' 55'' S,330,2023,8,13,15.5,29.4
330007,"Rodelillo, Ad.",33&deg 3' 55'' S,330,2023,8,14,9.1,13.5
330007,"Rodelillo, Ad.",33&deg 3' 55'' S,330,2023,8,15,11.1,13.2
330007,"Rodelillo, Ad.",33&deg 3' 55'' S,330,2023,8,16,9.4,14.6
330007,"Rodelillo, Ad.",33&deg 3' 55'' S,330,2023,8,17,10.8,16.4
330007,"Rodelillo, Ad.",33&deg 3' 55'' S,330,2023,8,18,5.9,17.9
330007,"Rodelillo, Ad.",33&deg 3' 55'' S,330,2023,8,19,7.4,13.9
330007,"Rodelillo, Ad.",33&deg 3' 55'' S,330,2023,8,20,11.8,15.8
330007,"Rodelillo, Ad.",33&deg 3' 55'' S,330,2023,8,21,11.6,16.5
330007,"Rodelillo, Ad.",33&deg 3' 55'' S,330,2023,8,22,11.5,13.8
330007,"Rodelillo, Ad.",33&deg 3' 55'' S,330,2023,8,23,8.9,13.7
330007,"Rodelillo, Ad.",33&deg 3' 55'' S,330,2023,8,24,4.2,16.6
330007,"Rodelillo, Ad.",33&deg 3' 55'' S,330,2023,8,25,6.4,18.0
330007,"Rodelillo, Ad.",33&deg 3' 55'' S,330,2023,8,26,6.3,20.1
330007,"Rodelillo, Ad.",33&deg 3' 55'' S,330,2023,8,27,7.0,23.1
330007,"Rodelillo, Ad.",33&deg 3' 55'' S,330,2023,8,28,9.9,18.8
330007,"Rodelillo, Ad.",33&deg 3' 55'' S,330,2023,8,29,8.1,20.6
330007,"Rodelillo, Ad.",33&deg 3' 55'' S,330,2023,8,30,6.4,18.8
330007,"Rodelillo, Ad.",33&deg 3' 55'' S,330,2023,8,31,7.5,20.6
330019,"Eulogio Sánchez, Tobalaba Ad.",33&deg 27' 19'' S,650,2023,8,1,6.8,24.2
330019,"Eulogio Sánchez, Tobalaba Ad.",33&deg 27' 19'' S,650,2023,8,2,8.0,24.2
330019,"Eulogio Sánchez, Tobalaba Ad.",33&deg 27' 19'' S,650,2023,8,3,7.4,25.4
330019,"Eulogio Sánchez, Tobalaba Ad.",33&deg 27' 19'' S,650,2023,8,4,8.1,26.5
330019,"Eulogio Sánchez, Tobalaba Ad.",33&deg 27' 19'' S,650,2023,8,5,5.4,10.9
330019,"Eulogio Sánchez, Tobalaba Ad.",33&deg 27' 19'' S,650,2023,8,6,6.2,17.6
330019,"Eulogio Sánchez, Tobalaba Ad.",33&deg 27' 19'' S,650,2023,8,7,5.0,18.1
330019,"Eulogio Sánchez, Tobalaba Ad.",33&deg 27' 19'' S,650,2023,8,8,7.0,21.0
330019,"Eulogio Sánchez, Tobalaba Ad.",33&deg 27' 19'' S,650,2023,8,9,9.9,19.0
330019,"Eulogio Sánchez, Tobalaba Ad.",33&deg 27' 19'' S,650,2023,8,10,6.3,16.6
330019,"Eulogio Sánchez, Tobalaba Ad.",33&deg 27' 19'' S,650,2023,8,11,8.5,17.4
330019,"Eulogio Sánchez, Tobalaba Ad.",33&deg 27' 19'' S,650,2023,8,12,5.8,23.0
330019,"Eulogio Sánchez, Tobalaba Ad.",33&deg 27' 19'' S,650,2023,8,13,7.2,26.4
330019,"Eulogio Sánchez, Tobalaba Ad.",33&deg 27' 19'' S,650,2023,8,14,8.3,27.0
330019,"Eulogio Sánchez, Tobalaba Ad.",33&deg 27' 19'' S,650,2023,8,15,8.8,15.2
330019,"Eulogio Sánchez, Tobalaba Ad.",33&deg 27' 19'' S,650,2023,8,16,9.8,14.3
330019,"Eulogio Sánchez, Tobalaba Ad.",33&deg 27' 19'' S,650,2023,8,17,10.0,15.3
330019,"Eulogio Sánchez, Tobalaba Ad.",33&deg 27' 19'' S,650,2023,8,18,7.6,15.3
330019,"Eulogio Sánchez, Tobalaba Ad.",33&deg 27' 19'' S,650,2023,8,19,8.4,12.0
330019,"Eulogio Sánchez, Tobalaba Ad.",33&deg 27' 19'' S,650,2023,8,20,9.7,14.7
330019,"Eulogio Sánchez, Tobalaba Ad.",33&deg 27' 19'' S,650,2023,8,21,9.5,17.4
330019,"Eulogio Sánchez, Tobalaba Ad.",33&deg 27' 19'' S,650,2023,8,22,10.7,16.3
330019,"Eulogio Sánchez, Tobalaba Ad.",33&deg 27' 19'' S,650,2023,8,23,7.0,9.4
330019,"Eulogio Sánchez, Tobalaba Ad.",33&deg 27' 19'' S,650,2023,8,24,6.1,14.5
330019,"Eulogio Sánchez, Tobalaba Ad.",33&deg 27' 19'' S,650,2023,8,25,3.7,16.9
330019,"Eulogio Sánchez, Tobalaba Ad.",33&deg 27' 19'' S,650,2023,8,26,3.3,18.3
330019,"Eulogio Sánchez, Tobalaba Ad.",33&deg 27' 19'' S,650,2023,8,27,3.0,22.6
330019,"Eulogio Sánchez, Tobalaba Ad.",33&deg 27' 19'' S,650,2023,8,28,11.6,16.1
330019,"Eulogio Sánchez, Tobalaba Ad.",33&deg 27' 19'' S,650,2023,8,29,4.0,21.8
330019,"Eulogio Sánchez, Tobalaba Ad.",33&deg 27' 19'' S,650,2023,8,30,8.1,18.8
330019,"Eulogio Sánchez, Tobalaba Ad.",33&deg 27' 19'' S,650,2023,8,31,5.8,22.2
330020,"Quinta Normal, Santiago",33&deg 26' 42'' S,520,2023,8,1,4.9,23.6
330020,"Quinta Normal, Santiago",33&deg 26' 42'' S,520,2023,8,2,5.6,24.5
330020,"Quinta Normal, Santiago",33&deg 26' 42'' S,520,2023,8,3,5.1,25.6
330020,"Quinta Normal, Santiago",33&deg 26' 42'' S,520,2023,8,4,5.4,26.6
330020,"Quinta Normal, Santiago",33&deg 26' 42'' S,520,2023,8,5,5.7,11.2
330020,"Quinta Normal, Santiago",33&deg 26' 42'' S,520,2023,8,6,5.4,17.9
330020,"Quinta Normal, Santiago",33&deg 26' 42'' S,520,2023,8,7,3.5,17.2
330020,"Quinta Normal, Santiago",33&deg 26' 42'' S,520,2023,8,8,6.2,21.1
330020,"Quinta Normal, Santiago",33&deg 26' 42'' S,520,2023,8,9,9.3,15.6
330020,"Quinta Normal, Santiago",33&deg 26' 42'' S,520,2023,8,10,6.9,17.8
330020,"Quinta Normal, Santiago",33&deg 26' 42'' S,520,2023,8,11,6.3,17.0
330020,"Quinta Normal, Santiago",33&deg 26' 42'' S,520,2023,8,12,4.4,22.3
330020,"Quinta Normal, Santiago",33&deg 26' 42'' S,520,2023,8,13,4.9,26.7
330020,"Quinta Normal, Santiago",33&deg 26' 42'' S,520,2023,8,14,6.2,27.4
330020,"Quinta Normal, Santiago",33&deg 26' 42'' S,520,2023,8,15,9.3,15.6
330020,"Quinta Normal, Santiago",33&deg 26' 42'' S,520,2023,8,16,9.7,15.5
330020,"Quinta Normal, Santiago",33&deg 26' 42'' S,520,2023,8,17,10.3,16.9
330020,"Quinta Normal, Santiago",33&deg 26' 42'' S,520,2023,8,18,8.4,16.3
330020,"Quinta Normal, Santiago",33&deg 26' 42'' S,520,2023,8,19,9.2,12.3
330020,"Quinta Normal, Santiago",33&deg 26' 42'' S,520,2023,8,20,9.5,16.5
330020,"Quinta Normal, Santiago",33&deg 26' 42'' S,520,2023,8,21,9.5,18.8
330020,"Quinta Normal, Santiago",33&deg 26' 42'' S,520,2023,8,22,11.8,16.6
330020,"Quinta Normal, Santiago",33&deg 26' 42'' S,520,2023,8,23,7.6,11.6
330020,"Quinta Normal, Santiago",33&deg 26' 42'' S,520,2023,8,24,5.2,15.3
330020,"Quinta Normal, Santiago",33&deg 26' 42'' S,520,2023,8,25,2.8,17.7
330020,"Quinta Normal, Santiago",33&deg 26' 42'' S,520,2023,8,26,2.8,19.1
330020,"Quinta Normal, Santiago",33&deg 26' 42'' S,520,2023,8,27,1.9,22.6
330020,"Quinta Normal, Santiago",33&deg 26' 42'' S,520,2023,8,28,10.8,17.1
330020,"Quinta Normal, Santiago",33&deg 26' 42'' S,520,2023,8,29,3.0,21.8
330020,"Quinta Normal, Santiago",33&deg 26' 42'' S,520,2023,8,30,7.1,19.3
330020,"Quinta Normal, Santiago",33&deg 26' 42'' S,520,2023,8,31,5.1,22.0
330021,Pudahuel Santiago ,33&deg 22' 42'' S,474,2023,8,1,3.7,22.9
330021,Pudahuel Santiago ,33&deg 22' 42'' S,474,2023,8,2,4.6,22.8
330021,Pudahuel Santiago ,33&deg 22' 42'' S,474,2023,8,3,4.1,24.8
330021,Pudahuel Santiago ,33&deg 22' 42'' S,474,2023,8,4,4.2,25.7
330021,Pudahuel Santiago ,33&deg 22' 42'' S,474,2023,8,5,5.3,11.5
330021,Pudahuel Santiago ,33&deg 22' 42'' S,474,2023,8,6,5.9,17.5
330021,Pudahuel Santiago ,33&deg 22' 42'' S,474,2023,8,7,1.5,16.9
330021,Pudahuel Santiago ,33&deg 22' 42'' S,474,2023,8,8,4.5,20.7
330021,Pudahuel Santiago ,33&deg 22' 42'' S,474,2023,8,9,7.9,15.7
330021,Pudahuel Santiago ,33&deg 22' 42'' S,474,2023,8,10,7.1,17.3
330021,Pudahuel Santiago ,33&deg 22' 42'' S,474,2023,8,11,5.5,15.8
330021,Pudahuel Santiago ,33&deg 22' 42'' S,474,2023,8,12,3.3,21.1
330021,Pudahuel Santiago ,33&deg 22' 42'' S,474,2023,8,13,3.0,25.7
330021,Pudahuel Santiago ,33&deg 22' 42'' S,474,2023,8,14,4.4,26.9
330021,Pudahuel Santiago ,33&deg 22' 42'' S,474,2023,8,15,9.0,14.6
330021,Pudahuel Santiago ,33&deg 22' 42'' S,474,2023,8,16,9.9,15.4
330021,Pudahuel Santiago ,33&deg 22' 42'' S,474,2023,8,17,10.1,15.6
330021,Pudahuel Santiago ,33&deg 22' 42'' S,474,2023,8,18,6.3,16.6
330021,Pudahuel Santiago ,33&deg 22' 42'' S,474,2023,8,19,8.9,14.3
330021,Pudahuel Santiago ,33&deg 22' 42'' S,474,2023,8,20,9.0,16.2
330021,Pudahuel Santiago ,33&deg 22' 42'' S,474,2023,8,21,9.4,16.7
330021,Pudahuel Santiago ,33&deg 22' 42'' S,474,2023,8,22,11.3,15.4
330021,Pudahuel Santiago ,33&deg 22' 42'' S,474,2023,8,23,7.8,10.7
330021,Pudahuel Santiago ,33&deg 22' 42'' S,474,2023,8,24,5.0,14.5
330021,Pudahuel Santiago ,33&deg 22' 42'' S,474,2023,8,25,2.6,16.3
330021,Pudahuel Santiago ,33&deg 22' 42'' S,474,2023,8,26,1.6,18.0
330021,Pudahuel Santiago ,33&deg 22' 42'' S,474,2023,8,27,1.1,21.6
330021,Pudahuel Santiago ,33&deg 22' 42'' S,474,2023,8,28,10.0,16.2
330021,Pudahuel Santiago ,33&deg 22' 42'' S,474,2023,8,29,2.3,20.2
330021,Pudahuel Santiago ,33&deg 22' 42'' S,474,2023,8,30,6.1,18.1
330021,Pudahuel Santiago ,33&deg 22' 42'' S,474,2023,8,31,4.3,20.5
330030,"Santo Domingo, Ad.",33&deg 39' 22'' S,77,2023,8,1,9.8,18.8
330030,"Santo Domingo, Ad.",33&deg 39' 22'' S,77,2023,8,2,9.0,21.0
330030,"Santo Domingo, Ad.",33&deg 39' 22'' S,77,2023,8,3,4.1,16.6
330030,"Santo Domingo, Ad.",33&deg 39' 22'' S,77,2023,8,4,3.6,20.7
330030,"Santo Domingo, Ad.",33&deg 39' 22'' S,77,2023,8,5,11.0,13.8
330030,"Santo Domingo, Ad.",33&deg 39' 22'' S,77,2023,8,6,10.4,16.6
330030,"Santo Domingo, Ad.",33&deg 39' 22'' S,77,2023,8,7,4.6,15.4
330030,"Santo Domingo, Ad.",33&deg 39' 22'' S,77,2023,8,8,7.0,12.9
330030,"Santo Domingo, Ad.",33&deg 39' 22'' S,77,2023,8,9,9.7,14.6
330030,"Santo Domingo, Ad.",33&deg 39' 22'' S,77,2023,8,10,10.4,14.9
330030,"Santo Domingo, Ad.",33&deg 39' 22'' S,77,2023,8,11,5.9,17.3
330030,"Santo Domingo, Ad.",33&deg 39' 22'' S,77,2023,8,12,5.6,21.2
330030,"Santo Domingo, Ad.",33&deg 39' 22'' S,77,2023,8,13,8.5,26.4
330030,"Santo Domingo, Ad.",33&deg 39' 22'' S,77,2023,8,14,6.8,17.2
330030,"Santo Domingo, Ad.",33&deg 39' 22'' S,77,2023,8,15,12.0,14.1
330030,"Santo Domingo, Ad.",33&deg 39' 22'' S,77,2023,8,16,7.5,15.7
330030,"Santo Domingo, Ad.",33&deg 39' 22'' S,77,2023,8,17,9.1,15.2
330030,"Santo Domingo, Ad.",33&deg 39' 22'' S,77,2023,8,18,2.3,15.5
330030,"Santo Domingo, Ad.",33&deg 39' 22'' S,77,2023,8,19,9.0,14.3
330030,"Santo Domingo, Ad.",33&deg 39' 22'' S,77,2023,8,20,13.2,15.5
330030,"Santo Domingo, Ad.",33&deg 39' 22'' S,77,2023,8,21,13.9,17.1
330030,"Santo Domingo, Ad.",33&deg 39' 22'' S,77,2023,8,22,13.1,14.0
330030,"Santo Domingo, Ad.",33&deg 39' 22'' S,77,2023,8,23,9.2,14.7
330030,"Santo Domingo, Ad.",33&deg 39' 22'' S,77,2023,8,24,3.7,15.1
330030,"Santo Domingo, Ad.",33&deg 39' 22'' S,77,2023,8,25,3.2,17.6
330030,"Santo Domingo, Ad.",33&deg 39' 22'' S,77,2023,8,26,4.0,16.1
330030,"Santo Domingo, Ad.",33&deg 39' 22'' S,77,2023,8,27,3.6,20.6
330030,"Santo Domingo, Ad.",33&deg 39' 22'' S,77,2023,8,28,8.8,19.2
330030,"Santo Domingo, Ad.",33&deg 39' 22'' S,77,2023,8,29,4.8,16.3
330030,"Santo Domingo, Ad.",33&deg 39' 22'' S,77,2023,8,30,3.1,19.0
330030,"Santo Domingo, Ad.",33&deg 39' 22'' S,77,2023,8,31,4.2,15.6
330031,"Juan Fernández, Estación Meteorológica.",33&deg 38' 9'' S,40,2023,8,1,9.9,17.3
330031,"Juan Fernández, Estación Meteorológica.",33&deg 38' 9'' S,40,2023,8,2,12.5,15.1
330031,"Juan Fernández, Estación Meteorológica.",33&deg 38' 9'' S,40,2023,8,3,10.3,15.1
330031,"Juan Fernández, Estación Meteorológica.",33&deg 38' 9'' S,40,2023,8,4,9.0,16.9
330031,"Juan Fernández, Estación Meteorológica.",33&deg 38' 9'' S,40,2023,8,5,7.2,15.0
330031,"Juan Fernández, Estación Meteorológica.",33&deg 38' 9'' S,40,2023,8,6,8.6,14.8
330031,"Juan Fernández, Estación Meteorológica.",33&deg 38' 9'' S,40,2023,8,7,9.7,16.6
330031,"Juan Fernández, Estación Meteorológica.",33&deg 38' 9'' S,40,2023,8,8,11.0,17.1
330031,"Juan Fernández, Estación Meteorológica.",33&deg 38' 9'' S,40,2023,8,9,15.1,16.3
330031,"Juan Fernández, Estación Meteorológica.",33&deg 38' 9'' S,40,2023,8,10,11.7,14.7
330031,"Juan Fernández, Estación Meteorológica.",33&deg 38' 9'' S,40,2023,8,11,9.8,15.2
330031,"Juan Fernández, Estación Meteorológica.",33&deg 38' 9'' S,40,2023,8,12,9.8,16.6
330031,"Juan Fernández, Estación Meteorológica.",33&deg 38' 9'' S,40,2023,8,13,7.8,16.3
330031,"Juan Fernández, Estación Meteorológica.",33&deg 38' 9'' S,40,2023,8,14,9.2,18.0
330031,"Juan Fernández, Estación Meteorológica.",33&deg 38' 9'' S,40,2023,8,15,12.9,16.4
330031,"Juan Fernández, Estación Meteorológica.",33&deg 38' 9'' S,40,2023,8,16,11.3,17.1
330031,"Juan Fernández, Estación Meteorológica.",33&deg 38' 9'' S,40,2023,8,17,11.4,16.4
330031,"Juan Fernández, Estación Meteorológica.",33&deg 38' 9'' S,40,2023,8,18,10.7,16.8
330031,"Juan Fernández, Estación Meteorológica.",33&deg 38' 9'' S,40,2023,8,19,15.6,17.1
330031,"Juan Fernández, Estación Meteorológica.",33&deg 38' 9'' S,40,2023,8,20,15.5,17.2
330031,"Juan Fernández, Estación Meteorológica.",33&deg 38' 9'' S,40,2023,8,21,12.2,16.9
330031,"Juan Fernández, Estación Meteorológica.",33&deg 38' 9'' S,40,2023,8,22,10.3,14.2
330031,"Juan Fernández, Estación Meteorológica.",33&deg 38' 9'' S,40,2023,8,23,8.3,15.3
330031,"Juan Fernández, Estación Meteorológica.",33&deg 38' 9'' S,40,2023,8,24,8.2,14.8
330031,"Juan Fernández, Estación Meteorológica.",33&deg 38' 9'' S,40,2023,8,25,6.7,15.4
330031,"Juan Fernández, Estación Meteorológica.",33&deg 38' 9'' S,40,2023,8,26,9.3,16.8
330031,"Juan Fernández, Estación Meteorológica.",33&deg 38' 9'' S,40,2023,8,27,12.6,16.1
330031,"Juan Fernández, Estación Meteorológica.",33&deg 38' 9'' S,40,2023,8,28,11.9,15.3
330031,"Juan Fernández, Estación Meteorológica.",33&deg 38' 9'' S,40,2023,8,29,7.4,15.0
330031,"Juan Fernández, Estación Meteorológica.",33&deg 38' 9'' S,40,2023,8,30,12.6,15.9
330031,"Juan Fernández, Estación Meteorológica.",33&deg 38' 9'' S,40,2023,8,31,8.5,16.1
340031,"General Freire, Curicó Ad.",34&deg 58' 10'' S,229,2023,8,1,9.7,15.7
340031,"General Freire, Curicó Ad.",34&deg 58' 10'' S,229,2023,8,2,7.2,15.3
340031,"General Freire, Curicó Ad.",34&deg 58' 10'' S,229,2023,8,3,3.2,14.5
340031,"General Freire, Curicó Ad.",34&deg 58' 10'' S,229,2023,8,4,1.5,13.5
340031,"General Freire, Curicó Ad.",34&deg 58' 10'' S,229,2023,8,5,5.3,13.4
340031,"General Freire, Curicó Ad.",34&deg 58' 10'' S,229,2023,8,6,8.2,18.5
340031,"General Freire, Curicó Ad.",34&deg 58' 10'' S,229,2023,8,7,5.1,13.0
340031,"General Freire, Curicó Ad.",34&deg 58' 10'' S,229,2023,8,8,3.4,17.2
340031,"General Freire, Curicó Ad.",34&deg 58' 10'' S,229,2023,8,9,8.1,14.2
340031,"General Freire, Curicó Ad.",34&deg 58' 10'' S,229,2023,8,10,8.7,12.0
340031,"General Freire, Curicó Ad.",34&deg 58' 10'' S,229,2023,8,11,4.1,14.0
340031,"General Freire, Curicó Ad.",34&deg 58' 10'' S,229,2023,8,12,2.8,14.8
340031,"General Freire, Curicó Ad.",34&deg 58' 10'' S,229,2023,8,13,3.7,18.7
340031,"General Freire, Curicó Ad.",34&deg 58' 10'' S,229,2023,8,14,5.0,21.3
340031,"General Freire, Curicó Ad.",34&deg 58' 10'' S,229,2023,8,15,9.5,12.5
340031,"General Freire, Curicó Ad.",34&deg 58' 10'' S,229,2023,8,16,9.6,14.7
340031,"General Freire, Curicó Ad.",34&deg 58' 10'' S,229,2023,8,17,11.4,16.6
340031,"General Freire, Curicó Ad.",34&deg 58' 10'' S,229,2023,8,18,3.2,14.2
340031,"General Freire, Curicó Ad.",34&deg 58' 10'' S,229,2023,8,19,9.0,12.0
340031,"General Freire, Curicó Ad.",34&deg 58' 10'' S,229,2023,8,20,11.6,14.5
340031,"General Freire, Curicó Ad.",34&deg 58' 10'' S,229,2023,8,21,12.6,14.0
340031,"General Freire, Curicó Ad.",34&deg 58' 10'' S,229,2023,8,22,8.1,13.6
340031,"General Freire, Curicó Ad.",34&deg 58' 10'' S,229,2023,8,23,5.8,15.5
340031,"General Freire, Curicó Ad.",34&deg 58' 10'' S,229,2023,8,24,2.9,16.1
340031,"General Freire, Curicó Ad.",34&deg 58' 10'' S,229,2023,8,25,3.0,14.8
340031,"General Freire, Curicó Ad.",34&deg 58' 10'' S,229,2023,8,26,2.8,16.2
340031,"General Freire, Curicó Ad.",34&deg 58' 10'' S,229,2023,8,27,1.2,19.9
340031,"General Freire, Curicó Ad.",34&deg 58' 10'' S,229,2023,8,28,8.3,15.3
340031,"General Freire, Curicó Ad.",34&deg 58' 10'' S,229,2023,8,29,2.6,18.9
340031,"General Freire, Curicó Ad.",34&deg 58' 10'' S,229,2023,8,30,8.1,17.4
340031,"General Freire, Curicó Ad.",34&deg 58' 10'' S,229,2023,8,31,4.3,14.5
360011,"General Bernardo O'Higgins, Chillán Ad.",36&deg 35' 9'' S,155,2023,8,1,10.8,16.6
360011,"General Bernardo O'Higgins, Chillán Ad.",36&deg 35' 9'' S,155,2023,8,2,5.2,15.2
360011,"General Bernardo O'Higgins, Chillán Ad.",36&deg 35' 9'' S,155,2023,8,3,1.1,13.8
360011,"General Bernardo O'Higgins, Chillán Ad.",36&deg 35' 9'' S,155,2023,8,4,1.0,14.8
360011,"General Bernardo O'Higgins, Chillán Ad.",36&deg 35' 9'' S,155,2023,8,5,3.8,12.8
360011,"General Bernardo O'Higgins, Chillán Ad.",36&deg 35' 9'' S,155,2023,8,6,6.1,16.6
360011,"General Bernardo O'Higgins, Chillán Ad.",36&deg 35' 9'' S,155,2023,8,7,4.3,17.1
360011,"General Bernardo O'Higgins, Chillán Ad.",36&deg 35' 9'' S,155,2023,8,8,1.0,14.4
360011,"General Bernardo O'Higgins, Chillán Ad.",36&deg 35' 9'' S,155,2023,8,9,6.8,12.9
360011,"General Bernardo O'Higgins, Chillán Ad.",36&deg 35' 9'' S,155,2023,8,10,8.6,13.4
360011,"General Bernardo O'Higgins, Chillán Ad.",36&deg 35' 9'' S,155,2023,8,11,1.0,13.0
360011,"General Bernardo O'Higgins, Chillán Ad.",36&deg 35' 9'' S,155,2023,8,12,1.1,16.0
360011,"General Bernardo O'Higgins, Chillán Ad.",36&deg 35' 9'' S,155,2023,8,13,1.1,18.8
360011,"General Bernardo O'Higgins, Chillán Ad.",36&deg 35' 9'' S,155,2023,8,15,7.5,12.7
360011,"General Bernardo O'Higgins, Chillán Ad.",36&deg 35' 9'' S,155,2023,8,16,11.1,13.8
360011,"General Bernardo O'Higgins, Chillán Ad.",36&deg 35' 9'' S,155,2023,8,17,9.7,15.4
360011,"General Bernardo O'Higgins, Chillán Ad.",36&deg 35' 9'' S,155,2023,8,18,1.4,13.9
360011,"General Bernardo O'Higgins, Chillán Ad.",36&deg 35' 9'' S,155,2023,8,19,7.7,13.9
360011,"General Bernardo O'Higgins, Chillán Ad.",36&deg 35' 9'' S,155,2023,8,20,12.0,14.3
360011,"General Bernardo O'Higgins, Chillán Ad.",36&deg 35' 9'' S,155,2023,8,21,12.9,13.6
360011,"General Bernardo O'Higgins, Chillán Ad.",36&deg 35' 9'' S,155,2023,8,22,5.8,13.0
360011,"General Bernardo O'Higgins, Chillán Ad.",36&deg 35' 9'' S,155,2023,8,23,6.2,11.3
360011,"General Bernardo O'Higgins, Chillán Ad.",36&deg 35' 9'' S,155,2023,8,24,5.5,11.7
360011,"General Bernardo O'Higgins, Chillán Ad.",36&deg 35' 9'' S,155,2023,8,25,1.6,13.2
360011,"General Bernardo O'Higgins, Chillán Ad.",36&deg 35' 9'' S,155,2023,8,26,-0.4,15.3
360011,"General Bernardo O'Higgins, Chillán Ad.",36&deg 35' 9'' S,155,2023,8,27,-0.7,16.8
360011,"General Bernardo O'Higgins, Chillán Ad.",36&deg 35' 9'' S,155,2023,8,28,7.6,11.5
360011,"General Bernardo O'Higgins, Chillán Ad.",36&deg 35' 9'' S,155,2023,8,29,6.9,12.4
360011,"General Bernardo O'Higgins, Chillán Ad.",36&deg 35' 9'' S,155,2023,8,30,7.3,14.8
360011,"General Bernardo O'Higgins, Chillán Ad.",36&deg 35' 9'' S,155,2023,8,31,2.1,9.8
360019,"Carriel Sur, Concepción Ap.",36&deg 46' 50'' S,13,2023,8,1,11.6,16.4
360019,"Carriel Sur, Concepción Ap.",36&deg 46' 50'' S,13,2023,8,2,5.0,15.8
360019,"Carriel Sur, Concepción Ap.",36&deg 46' 50'' S,13,2023,8,3,3.6,14.6
360019,"Carriel Sur, Concepción Ap.",36&deg 46' 50'' S,13,2023,8,4,4.8,16.9
360019,"Carriel Sur, Concepción Ap.",36&deg 46' 50'' S,13,2023,8,5,7.0,13.6
360019,"Carriel Sur, Concepción Ap.",36&deg 46' 50'' S,13,2023,8,6,8.8,17.1
360019,"Carriel Sur, Concepción Ap.",36&deg 46' 50'' S,13,2023,8,7,5.4,15.3
360019,"Carriel Sur, Concepción Ap.",36&deg 46' 50'' S,13,2023,8,8,7.2,15.0
360019,"Carriel Sur, Concepción Ap.",36&deg 46' 50'' S,13,2023,8,9,9.7,13.7
360019,"Carriel Sur, Concepción Ap.",36&deg 46' 50'' S,13,2023,8,10,11.6,14.8
360019,"Carriel Sur, Concepción Ap.",36&deg 46' 50'' S,13,2023,8,11,4.0,13.2
360019,"Carriel Sur, Concepción Ap.",36&deg 46' 50'' S,13,2023,8,12,4.1,14.9
360019,"Carriel Sur, Concepción Ap.",36&deg 46' 50'' S,13,2023,8,13,4.9,15.1
360019,"Carriel Sur, Concepción Ap.",36&deg 46' 50'' S,13,2023,8,14,6.6,14.4
360019,"Carriel Sur, Concepción Ap.",36&deg 46' 50'' S,13,2023,8,15,11.2,12.8
360019,"Carriel Sur, Concepción Ap.",36&deg 46' 50'' S,13,2023,8,16,12.5,13.6
360019,"Carriel Sur, Concepción Ap.",36&deg 46' 50'' S,13,2023,8,17,10.1,13.5
360019,"Carriel Sur, Concepción Ap.",36&deg 46' 50'' S,13,2023,8,18,4.0,13.3
360019,"Carriel Sur, Concepción Ap.",36&deg 46' 50'' S,13,2023,8,19,8.9,14.3
360019,"Carriel Sur, Concepción Ap.",36&deg 46' 50'' S,13,2023,8,20,13.0,14.7
360019,"Carriel Sur, Concepción Ap.",36&deg 46' 50'' S,13,2023,8,21,12.9,14.8
360019,"Carriel Sur, Concepción Ap.",36&deg 46' 50'' S,13,2023,8,22,8.3,12.8
360019,"Carriel Sur, Concepción Ap.",36&deg 46' 50'' S,13,2023,8,23,7.6,12.5
360019,"Carriel Sur, Concepción Ap.",36&deg 46' 50'' S,13,2023,8,24,5.5,13.8
360019,"Carriel Sur, Concepción Ap.",36&deg 46' 50'' S,13,2023,8,25,3.9,13.0
360019,"Carriel Sur, Concepción Ap.",36&deg 46' 50'' S,13,2023,8,26,2.8,13.8
360019,"Carriel Sur, Concepción Ap.",36&deg 46' 50'' S,13,2023,8,27,2.3,16.8
360019,"Carriel Sur, Concepción Ap.",36&deg 46' 50'' S,13,2023,8,28,9.9,14.1
360019,"Carriel Sur, Concepción Ap.",36&deg 46' 50'' S,13,2023,8,29,3.4,12.6
360019,"Carriel Sur, Concepción Ap.",36&deg 46' 50'' S,13,2023,8,30,7.9,13.8
360019,"Carriel Sur, Concepción Ap.",36&deg 46' 50'' S,13,2023,8,31,5.0,12.0
370033,"María Dolores, Los Angeles Ad.",37&deg 23' 49'' S,118,2023,8,1,10.0,17.0
370033,"María Dolores, Los Angeles Ad.",37&deg 23' 49'' S,118,2023,8,2,2.6,13.9
370033,"María Dolores, Los Angeles Ad.",37&deg 23' 49'' S,118,2023,8,3,2.8,12.4
370033,"María Dolores, Los Angeles Ad.",37&deg 23' 49'' S,118,2023,8,4,3.0,14.2
370033,"María Dolores, Los Angeles Ad.",37&deg 23' 49'' S,118,2023,8,5,0.3,13.8
370033,"María Dolores, Los Angeles Ad.",37&deg 23' 49'' S,118,2023,8,6,1.7,16.2
370033,"María Dolores, Los Angeles Ad.",37&deg 23' 49'' S,118,2023,8,7,-0.9,19.0
370033,"María Dolores, Los Angeles Ad.",37&deg 23' 49'' S,118,2023,8,8,0.8,14.7
370033,"María Dolores, Los Angeles Ad.",37&deg 23' 49'' S,118,2023,8,9,6.4,14.3
370033,"María Dolores, Los Angeles Ad.",37&deg 23' 49'' S,118,2023,8,10,9.2,14.0
370033,"María Dolores, Los Angeles Ad.",37&deg 23' 49'' S,118,2023,8,11,2.3,12.3
370033,"María Dolores, Los Angeles Ad.",37&deg 23' 49'' S,118,2023,8,12,0.7,15.0
370033,"María Dolores, Los Angeles Ad.",37&deg 23' 49'' S,118,2023,8,13,-1.3,17.2
370033,"María Dolores, Los Angeles Ad.",37&deg 23' 49'' S,118,2023,8,14,3.3,14.6
370033,"María Dolores, Los Angeles Ad.",37&deg 23' 49'' S,118,2023,8,15,7.9,12.4
370033,"María Dolores, Los Angeles Ad.",37&deg 23' 49'' S,118,2023,8,16,10.8,13.4
370033,"María Dolores, Los Angeles Ad.",37&deg 23' 49'' S,118,2023,8,17,8.4,13.2
370033,"María Dolores, Los Angeles Ad.",37&deg 23' 49'' S,118,2023,8,18,-0.2,13.3
370033,"María Dolores, Los Angeles Ad.",37&deg 23' 49'' S,118,2023,8,19,7.2,14.7
370033,"María Dolores, Los Angeles Ad.",37&deg 23' 49'' S,118,2023,8,20,12.0,15.3
370033,"María Dolores, Los Angeles Ad.",37&deg 23' 49'' S,118,2023,8,21,12.3,14.7
370033,"María Dolores, Los Angeles Ad.",37&deg 23' 49'' S,118,2023,8,22,5.4,11.8
370033,"María Dolores, Los Angeles Ad.",37&deg 23' 49'' S,118,2023,8,23,4.1,11.4
370033,"María Dolores, Los Angeles Ad.",37&deg 23' 49'' S,118,2023,8,24,1.9,12.6
370033,"María Dolores, Los Angeles Ad.",37&deg 23' 49'' S,118,2023,8,25,0.1,12.9
370033,"María Dolores, Los Angeles Ad.",37&deg 23' 49'' S,118,2023,8,26,-3.2,15.3
370033,"María Dolores, Los Angeles Ad.",37&deg 23' 49'' S,118,2023,8,27,-3.5,16.7
370033,"María Dolores, Los Angeles Ad.",37&deg 23' 49'' S,118,2023,8,28,6.9,11.4
370033,"María Dolores, Los Angeles Ad.",37&deg 23' 49'' S,118,2023,8,29,7.8,13.1
370033,"María Dolores, Los Angeles Ad.",37&deg 23' 49'' S,118,2023,8,30,6.9,14.5
370033,"María Dolores, Los Angeles Ad.",37&deg 23' 49'' S,118,2023,8,31,-0.9,8.8
380013,"Maquehue, Temuco Ad.",38&deg 46' 4'' S,86,2023,8,1,8.1,13.8
380013,"Maquehue, Temuco Ad.",38&deg 46' 4'' S,86,2023,8,2,4.3,12.5
380013,"Maquehue, Temuco Ad.",38&deg 46' 4'' S,86,2023,8,3,-3.0,12.1
380013,"Maquehue, Temuco Ad.",38&deg 46' 4'' S,86,2023,8,4,-3.9,14.3
380013,"Maquehue, Temuco Ad.",38&deg 46' 4'' S,86,2023,8,5,-1.5,13.8
380013,"Maquehue, Temuco Ad.",38&deg 46' 4'' S,86,2023,8,6,0.3,16.0
380013,"Maquehue, Temuco Ad.",38&deg 46' 4'' S,86,2023,8,7,0.6,16.9
380013,"Maquehue, Temuco Ad.",38&deg 46' 4'' S,86,2023,8,8,-1.3,15.2
380013,"Maquehue, Temuco Ad.",38&deg 46' 4'' S,86,2023,8,9,8.2,15.1
380013,"Maquehue, Temuco Ad.",38&deg 46' 4'' S,86,2023,8,10,8.0,13.0
380013,"Maquehue, Temuco Ad.",38&deg 46' 4'' S,86,2023,8,11,1.5,11.9
380013,"Maquehue, Temuco Ad.",38&deg 46' 4'' S,86,2023,8,12,-1.0,12.1
380013,"Maquehue, Temuco Ad.",38&deg 46' 4'' S,86,2023,8,13,1.5,15.9
380013,"Maquehue, Temuco Ad.",38&deg 46' 4'' S,86,2023,8,14,5.2,14.9
380013,"Maquehue, Temuco Ad.",38&deg 46' 4'' S,86,2023,8,15,10.6,11.6
380013,"Maquehue, Temuco Ad.",38&deg 46' 4'' S,86,2023,8,16,8.9,17.1
380013,"Maquehue, Temuco Ad.",38&deg 46' 4'' S,86,2023,8,17,8.0,12.5
380013,"Maquehue, Temuco Ad.",38&deg 46' 4'' S,86,2023,8,18,2.7,12.9
380013,"Maquehue, Temuco Ad.",38&deg 46' 4'' S,86,2023,8,19,5.8,11.8
380013,"Maquehue, Temuco Ad.",38&deg 46' 4'' S,86,2023,8,20,9.2,18.2
380013,"Maquehue, Temuco Ad.",38&deg 46' 4'' S,86,2023,8,21,9.1,12.7
380013,"Maquehue, Temuco Ad.",38&deg 46' 4'' S,86,2023,8,22,6.3,12.0
380013,"Maquehue, Temuco Ad.",38&deg 46' 4'' S,86,2023,8,23,4.3,11.5
380013,"Maquehue, Temuco Ad.",38&deg 46' 4'' S,86,2023,8,24,1.7,12.3
380013,"Maquehue, Temuco Ad.",38&deg 46' 4'' S,86,2023,8,25,-0.1,12.9
380013,"Maquehue, Temuco Ad.",38&deg 46' 4'' S,86,2023,8,26,-2.3,14.7
380013,"Maquehue, Temuco Ad.",38&deg 46' 4'' S,86,2023,8,27,-0.8,17.8
380013,"Maquehue, Temuco Ad.",38&deg 46' 4'' S,86,2023,8,28,8.2,11.0
380013,"Maquehue, Temuco Ad.",38&deg 46' 4'' S,86,2023,8,29,1.7,11.1
380013,"Maquehue, Temuco Ad.",38&deg 46' 4'' S,86,2023,8,30,5.5,13.5
380013,"Maquehue, Temuco Ad.",38&deg 46' 4'' S,86,2023,8,31,-0.5,8.0
390006,"Pichoy, Valdivia Ad.",39&deg 39' 24'' S,18,2023,8,1,8.6,11.2
390006,"Pichoy, Valdivia Ad.",39&deg 39' 24'' S,18,2023,8,2,2.9,11.5
390006,"Pichoy, Valdivia Ad.",39&deg 39' 24'' S,18,2023,8,3,-1.9,12.0
390006,"Pichoy, Valdivia Ad.",39&deg 39' 24'' S,18,2023,8,4,-3.2,13.7
390006,"Pichoy, Valdivia Ad.",39&deg 39' 24'' S,18,2023,8,5,-1.4,12.1
390006,"Pichoy, Valdivia Ad.",39&deg 39' 24'' S,18,2023,8,6,-0.9,13.8
390006,"Pichoy, Valdivia Ad.",39&deg 39' 24'' S,18,2023,8,7,0.1,11.4
390006,"Pichoy, Valdivia Ad.",39&deg 39' 24'' S,18,2023,8,8,1.7,11.1
390006,"Pichoy, Valdivia Ad.",39&deg 39' 24'' S,18,2023,8,9,8.0,12.3
390006,"Pichoy, Valdivia Ad.",39&deg 39' 24'' S,18,2023,8,10,9.8,11.9
390006,"Pichoy, Valdivia Ad.",39&deg 39' 24'' S,18,2023,8,11,1.7,11.7
390006,"Pichoy, Valdivia Ad.",39&deg 39' 24'' S,18,2023,8,12,-0.7,10.0
390006,"Pichoy, Valdivia Ad.",39&deg 39' 24'' S,18,2023,8,13,7.6,12.1
390006,"Pichoy, Valdivia Ad.",39&deg 39' 24'' S,18,2023,8,15,11.1,11.8
390006,"Pichoy, Valdivia Ad.",39&deg 39' 24'' S,18,2023,8,16,5.4,14.7
390006,"Pichoy, Valdivia Ad.",39&deg 39' 24'' S,18,2023,8,17,6.9,11.0
390006,"Pichoy, Valdivia Ad.",39&deg 39' 24'' S,18,2023,8,18,0.0,10.7
390006,"Pichoy, Valdivia Ad.",39&deg 39' 24'' S,18,2023,8,19,6.6,10.8
390006,"Pichoy, Valdivia Ad.",39&deg 39' 24'' S,18,2023,8,20,9.4,13.4
390006,"Pichoy, Valdivia Ad.",39&deg 39' 24'' S,18,2023,8,21,7.4,12.5
390006,"Pichoy, Valdivia Ad.",39&deg 39' 24'' S,18,2023,8,22,3.1,12.0
390006,"Pichoy, Valdivia Ad.",39&deg 39' 24'' S,18,2023,8,23,4.4,12.2
390006,"Pichoy, Valdivia Ad.",39&deg 39' 24'' S,18,2023,8,24,0.6,11.9
390006,"Pichoy, Valdivia Ad.",39&deg 39' 24'' S,18,2023,8,25,-0.8,11.3
390006,"Pichoy, Valdivia Ad.",39&deg 39' 24'' S,18,2023,8,26,-1.3,14.1
390006,"Pichoy, Valdivia Ad.",39&deg 39' 24'' S,18,2023,8,27,-1.7,15.6
390006,"Pichoy, Valdivia Ad.",39&deg 39' 24'' S,18,2023,8,28,7.6,13.6
390006,"Pichoy, Valdivia Ad.",39&deg 39' 24'' S,18,2023,8,29,-0.3,11.4
390006,"Pichoy, Valdivia Ad.",39&deg 39' 24'' S,18,2023,8,30,5.3,12.3
390006,"Pichoy, Valdivia Ad.",39&deg 39' 24'' S,18,2023,8,31,1.3,9.6
400009,"Cañal Bajo,  Osorno Ad.",40&deg 36' 52'' S,61,2023,8,1,5.8,11.0
400009,"Cañal Bajo,  Osorno Ad.",40&deg 36' 52'' S,61,2023,8,2,4.8,10.0
400009,"Cañal Bajo,  Osorno Ad.",40&deg 36' 52'' S,61,2023,8,3,-1.8,10.2
400009,"Cañal Bajo,  Osorno Ad.",40&deg 36' 52'' S,61,2023,8,4,-2.2,11.6
400009,"Cañal Bajo,  Osorno Ad.",40&deg 36' 52'' S,61,2023,8,5,3.8,10.8
400009,"Cañal Bajo,  Osorno Ad.",40&deg 36' 52'' S,61,2023,8,6,-0.6,13.1
400009,"Cañal Bajo,  Osorno Ad.",40&deg 36' 52'' S,61,2023,8,7,-1.8,12.6
400009,"Cañal Bajo,  Osorno Ad.",40&deg 36' 52'' S,61,2023,8,8,-0.4,11.9
400009,"Cañal Bajo,  Osorno Ad.",40&deg 36' 52'' S,61,2023,8,9,9.2,12.2
400009,"Cañal Bajo,  Osorno Ad.",40&deg 36' 52'' S,61,2023,8,10,8.5,12.2
400009,"Cañal Bajo,  Osorno Ad.",40&deg 36' 52'' S,61,2023,8,11,1.0,10.1
400009,"Cañal Bajo,  Osorno Ad.",40&deg 36' 52'' S,61,2023,8,12,0.2,9.2
400009,"Cañal Bajo,  Osorno Ad.",40&deg 36' 52'' S,61,2023,8,13,8.6,11.6
400009,"Cañal Bajo,  Osorno Ad.",40&deg 36' 52'' S,61,2023,8,14,11.0,13.2
400009,"Cañal Bajo,  Osorno Ad.",40&deg 36' 52'' S,61,2023,8,15,8.8,11.9
400009,"Cañal Bajo,  Osorno Ad.",40&deg 36' 52'' S,61,2023,8,16,8.0,14.9
400009,"Cañal Bajo,  Osorno Ad.",40&deg 36' 52'' S,61,2023,8,17,5.6,10.5
400009,"Cañal Bajo,  Osorno Ad.",40&deg 36' 52'' S,61,2023,8,18,-1.2,10.4
400009,"Cañal Bajo,  Osorno Ad.",40&deg 36' 52'' S,61,2023,8,19,5.9,10.7
400009,"Cañal Bajo,  Osorno Ad.",40&deg 36' 52'' S,61,2023,8,20,8.8,12.5
400009,"Cañal Bajo,  Osorno Ad.",40&deg 36' 52'' S,61,2023,8,21,6.4,11.2
400009,"Cañal Bajo,  Osorno Ad.",40&deg 36' 52'' S,61,2023,8,22,2.9,10.8
400009,"Cañal Bajo,  Osorno Ad.",40&deg 36' 52'' S,61,2023,8,23,4.2,10.1
400009,"Cañal Bajo,  Osorno Ad.",40&deg 36' 52'' S,61,2023,8,24,-1.1,10.0
400009,"Cañal Bajo,  Osorno Ad.",40&deg 36' 52'' S,61,2023,8,25,-1.7,11.3
400009,"Cañal Bajo,  Osorno Ad.",40&deg 36' 52'' S,61,2023,8,26,-3.8,13.3
400009,"Cañal Bajo,  Osorno Ad.",40&deg 36' 52'' S,61,2023,8,27,-1.5,13.4
400009,"Cañal Bajo,  Osorno Ad.",40&deg 36' 52'' S,61,2023,8,28,6.1,14.6
400009,"Cañal Bajo,  Osorno Ad.",40&deg 36' 52'' S,61,2023,8,29,2.9,9.9
400009,"Cañal Bajo,  Osorno Ad.",40&deg 36' 52'' S,61,2023,8,30,3.9,12.0
400009,"Cañal Bajo,  Osorno Ad.",40&deg 36' 52'' S,61,2023,8,31,3.6,9.5
410005,El Tepual  Puerto Montt Ap.,41&deg 26' 51'' S,87,2023,8,1,6.2,9.5
410005,El Tepual  Puerto Montt Ap.,41&deg 26' 51'' S,87,2023,8,2,1.4,8.7
410005,El Tepual  Puerto Montt Ap.,41&deg 26' 51'' S,87,2023,8,3,-2.2,9.2
410005,El Tepual  Puerto Montt Ap.,41&deg 26' 51'' S,87,2023,8,4,0.1,9.9
410005,El Tepual  Puerto Montt Ap.,41&deg 26' 51'' S,87,2023,8,5,0.7,9.7
410005,El Tepual  Puerto Montt Ap.,41&deg 26' 51'' S,87,2023,8,6,3.9,11.2
410005,El Tepual  Puerto Montt Ap.,41&deg 26' 51'' S,87,2023,8,7,-2.0,15.4
410005,El Tepual  Puerto Montt Ap.,41&deg 26' 51'' S,87,2023,8,8,6.5,11.4
410005,El Tepual  Puerto Montt Ap.,41&deg 26' 51'' S,87,2023,8,9,9.2,11.9
410005,El Tepual  Puerto Montt Ap.,41&deg 26' 51'' S,87,2023,8,10,9.3,10.3
410005,El Tepual  Puerto Montt Ap.,41&deg 26' 51'' S,87,2023,8,11,1.0,9.6
410005,El Tepual  Puerto Montt Ap.,41&deg 26' 51'' S,87,2023,8,12,0.2,8.4
410005,El Tepual  Puerto Montt Ap.,41&deg 26' 51'' S,87,2023,8,13,8.1,10.7
410005,El Tepual  Puerto Montt Ap.,41&deg 26' 51'' S,87,2023,8,14,10.7,11.9
410005,El Tepual  Puerto Montt Ap.,41&deg 26' 51'' S,87,2023,8,15,7.5,12.6
410005,El Tepual  Puerto Montt Ap.,41&deg 26' 51'' S,87,2023,8,16,7.6,13.7
410005,El Tepual  Puerto Montt Ap.,41&deg 26' 51'' S,87,2023,8,17,4.2,10.2
410005,El Tepual  Puerto Montt Ap.,41&deg 26' 51'' S,87,2023,8,18,2.5,10.1
410005,El Tepual  Puerto Montt Ap.,41&deg 26' 51'' S,87,2023,8,19,5.6,9.6
410005,El Tepual  Puerto Montt Ap.,41&deg 26' 51'' S,87,2023,8,20,8.1,11.2
410005,El Tepual  Puerto Montt Ap.,41&deg 26' 51'' S,87,2023,8,21,6.5,9.6
410005,El Tepual  Puerto Montt Ap.,41&deg 26' 51'' S,87,2023,8,22,4.6,10.3
410005,El Tepual  Puerto Montt Ap.,41&deg 26' 51'' S,87,2023,8,23,0.6,9.8
410005,El Tepual  Puerto Montt Ap.,41&deg 26' 51'' S,87,2023,8,24,-2.1,9.7
410005,El Tepual  Puerto Montt Ap.,41&deg 26' 51'' S,87,2023,8,25,-0.9,10.3
410005,El Tepual  Puerto Montt Ap.,41&deg 26' 51'' S,87,2023,8,26,-1.8,12.2
410005,El Tepual  Puerto Montt Ap.,41&deg 26' 51'' S,87,2023,8,27,0.5,11.7
410005,El Tepual  Puerto Montt Ap.,41&deg 26' 51'' S,87,2023,8,28,4.7,11.5
410005,El Tepual  Puerto Montt Ap.,41&deg 26' 51'' S,87,2023,8,29,2.4,9.3
410005,El Tepual  Puerto Montt Ap.,41&deg 26' 51'' S,87,2023,8,30,2.7,10.6
410005,El Tepual  Puerto Montt Ap.,41&deg 26' 51'' S,87,2023,8,31,3.7,8.1
430002,Futaleufú Ad.,43&deg 11' 20'' S,347,2023,8,1,3.2,6.1
430002,Futaleufú Ad.,43&deg 11' 20'' S,347,2023,8,2,1.5,5.8
430002,Futaleufú Ad.,43&deg 11' 20'' S,347,2023,8,3,-0.7,8.6
430002,Futaleufú Ad.,43&deg 11' 20'' S,347,2023,8,4,2.5,10.9
430002,Futaleufú Ad.,43&deg 11' 20'' S,347,2023,8,5,-0.5,10.6
430002,Futaleufú Ad.,43&deg 11' 20'' S,347,2023,8,6,-1.1,10.4
430002,Futaleufú Ad.,43&deg 11' 20'' S,347,2023,8,7,-2.9,9.9
430002,Futaleufú Ad.,43&deg 11' 20'' S,347,2023,8,8,-1.1,13.2
430002,Futaleufú Ad.,43&deg 11' 20'' S,347,2023,8,9,6.5,11.5
430002,Futaleufú Ad.,43&deg 11' 20'' S,347,2023,8,10,4.6,9.7
430002,Futaleufú Ad.,43&deg 11' 20'' S,347,2023,8,11,0.2,7.2
430002,Futaleufú Ad.,43&deg 11' 20'' S,347,2023,8,12,-0.2,2.0
430002,Futaleufú Ad.,43&deg 11' 20'' S,347,2023,8,13,1.5,11.2
430002,Futaleufú Ad.,43&deg 11' 20'' S,347,2023,8,14,7.1,10.9
430002,Futaleufú Ad.,43&deg 11' 20'' S,347,2023,8,15,5.6,12.3
430002,Futaleufú Ad.,43&deg 11' 20'' S,347,2023,8,16,3.8,8.6
430002,Futaleufú Ad.,43&deg 11' 20'' S,347,2023,8,17,2.7,7.1
430002,Futaleufú Ad.,43&deg 11' 20'' S,347,2023,8,18,-0.1,7.5
430002,Futaleufú Ad.,43&deg 11' 20'' S,347,2023,8,19,0.4,5.3
430002,Futaleufú Ad.,43&deg 11' 20'' S,347,2023,8,20,0.1,5.7
430002,Futaleufú Ad.,43&deg 11' 20'' S,347,2023,8,21,0.7,5.0
430002,Futaleufú Ad.,43&deg 11' 20'' S,347,2023,8,22,0.5,4.6
430002,Futaleufú Ad.,43&deg 11' 20'' S,347,2023,8,23,0.2,6.6
430002,Futaleufú Ad.,43&deg 11' 20'' S,347,2023,8,24,0.9,8.2
430002,Futaleufú Ad.,43&deg 11' 20'' S,347,2023,8,25,0.8,9.1
430002,Futaleufú Ad.,43&deg 11' 20'' S,347,2023,8,26,-2.6,11.7
430002,Futaleufú Ad.,43&deg 11' 20'' S,347,2023,8,27,-1.2,11.7
430002,Futaleufú Ad.,43&deg 11' 20'' S,347,2023,8,28,4.1,10.3
430002,Futaleufú Ad.,43&deg 11' 20'' S,347,2023,8,29,1.1,12.4
430002,Futaleufú Ad.,43&deg 11' 20'' S,347,2023,8,30,0.5,5.4
430002,Futaleufú Ad.,43&deg 11' 20'' S,347,2023,8,31,2.9,7.2
430004,Alto Palena Ad.,43&deg 36' 42'' S,256,2023,8,1,3.8,4.7
430004,Alto Palena Ad.,43&deg 36' 42'' S,256,2023,8,2,0.8,6.6
430004,Alto Palena Ad.,43&deg 36' 42'' S,256,2023,8,3,0.0,8.4
430004,Alto Palena Ad.,43&deg 36' 42'' S,256,2023,8,4,4.8,10.1
430004,Alto Palena Ad.,43&deg 36' 42'' S,256,2023,8,5,-1.8,10.8
430004,Alto Palena Ad.,43&deg 36' 42'' S,256,2023,8,6,1.8,10.7
430004,Alto Palena Ad.,43&deg 36' 42'' S,256,2023,8,7,-2.8,12.5
430004,Alto Palena Ad.,43&deg 36' 42'' S,256,2023,8,8,-1.2,13.3
430004,Alto Palena Ad.,43&deg 36' 42'' S,256,2023,8,9,6.4,10.9
430004,Alto Palena Ad.,43&deg 36' 42'' S,256,2023,8,10,5.9,8.8
430004,Alto Palena Ad.,43&deg 36' 42'' S,256,2023,8,11,1.2,7.5
430004,Alto Palena Ad.,43&deg 36' 42'' S,256,2023,8,12,-0.4,1.7
430004,Alto Palena Ad.,43&deg 36' 42'' S,256,2023,8,13,1.1,9.6
430004,Alto Palena Ad.,43&deg 36' 42'' S,256,2023,8,14,6.3,7.9
430004,Alto Palena Ad.,43&deg 36' 42'' S,256,2023,8,15,5.0,11.4
430004,Alto Palena Ad.,43&deg 36' 42'' S,256,2023,8,16,3.1,8.3
430004,Alto Palena Ad.,43&deg 36' 42'' S,256,2023,8,17,3.6,7.8
430004,Alto Palena Ad.,43&deg 36' 42'' S,256,2023,8,18,-0.8,8.0
430004,Alto Palena Ad.,43&deg 36' 42'' S,256,2023,8,19,0.4,6.9
430004,Alto Palena Ad.,43&deg 36' 42'' S,256,2023,8,20,2.5,7.9
430004,Alto Palena Ad.,43&deg 36' 42'' S,256,2023,8,21,4.3,5.9
430004,Alto Palena Ad.,43&deg 36' 42'' S,256,2023,8,22,0.0,4.3
430004,Alto Palena Ad.,43&deg 36' 42'' S,256,2023,8,23,0.0,6.8
430004,Alto Palena Ad.,43&deg 36' 42'' S,256,2023,8,24,0.4,8.4
430004,Alto Palena Ad.,43&deg 36' 42'' S,256,2023,8,25,2.3,8.5
430004,Alto Palena Ad.,43&deg 36' 42'' S,256,2023,8,26,-1.8,10.4
430004,Alto Palena Ad.,43&deg 36' 42'' S,256,2023,8,27,-1.1,10.7
430004,Alto Palena Ad.,43&deg 36' 42'' S,256,2023,8,28,4.2,10.0
430004,Alto Palena Ad.,43&deg 36' 42'' S,256,2023,8,29,0.7,12.3
430004,Alto Palena Ad.,43&deg 36' 42'' S,256,2023,8,30,0.0,6.0
430004,Alto Palena Ad.,43&deg 36' 42'' S,256,2023,8,31,2.4,6.4
450001,Puerto Aysén Ad.,45&deg 23' 58'' S,11,2023,8,1,4.7,8.0
450001,Puerto Aysén Ad.,45&deg 23' 58'' S,11,2023,8,2,0.7,6.9
450001,Puerto Aysén Ad.,45&deg 23' 58'' S,11,2023,8,3,3.8,8.2
450001,Puerto Aysén Ad.,45&deg 23' 58'' S,11,2023,8,4,6.3,9.1
450001,Puerto Aysén Ad.,45&deg 23' 58'' S,11,2023,8,5,5.0,10.6
450001,Puerto Aysén Ad.,45&deg 23' 58'' S,11,2023,8,6,1.3,9.2
450001,Puerto Aysén Ad.,45&deg 23' 58'' S,11,2023,8,7,-1.8,7.4
450001,Puerto Aysén Ad.,45&deg 23' 58'' S,11,2023,8,8,2.2,11.8
450001,Puerto Aysén Ad.,45&deg 23' 58'' S,11,2023,8,9,5.9,9.2
450001,Puerto Aysén Ad.,45&deg 23' 58'' S,11,2023,8,10,6.3,9.2
450001,Puerto Aysén Ad.,45&deg 23' 58'' S,11,2023,8,11,2.5,8.0
450001,Puerto Aysén Ad.,45&deg 23' 58'' S,11,2023,8,12,-0.3,3.0
450001,Puerto Aysén Ad.,45&deg 23' 58'' S,11,2023,8,13,1.4,8.5
450001,Puerto Aysén Ad.,45&deg 23' 58'' S,11,2023,8,15,3.7,7.3
450001,Puerto Aysén Ad.,45&deg 23' 58'' S,11,2023,8,16,-0.2,4.4
450001,Puerto Aysén Ad.,45&deg 23' 58'' S,11,2023,8,17,1.8,6.5
450001,Puerto Aysén Ad.,45&deg 23' 58'' S,11,2023,8,18,0.0,8.4
450001,Puerto Aysén Ad.,45&deg 23' 58'' S,11,2023,8,19,0.2,10.5
450001,Puerto Aysén Ad.,45&deg 23' 58'' S,11,2023,8,20,3.2,8.0
450001,Puerto Aysén Ad.,45&deg 23' 58'' S,11,2023,8,21,3.8,7.4
450001,Puerto Aysén Ad.,45&deg 23' 58'' S,11,2023,8,22,2.2,7.0
450001,Puerto Aysén Ad.,45&deg 23' 58'' S,11,2023,8,23,1.8,6.9
450001,Puerto Aysén Ad.,45&deg 23' 58'' S,11,2023,8,24,2.8,9.4
450001,Puerto Aysén Ad.,45&deg 23' 58'' S,11,2023,8,25,2.7,7.6
450001,Puerto Aysén Ad.,45&deg 23' 58'' S,11,2023,8,26,2.7,10.7
450001,Puerto Aysén Ad.,45&deg 23' 58'' S,11,2023,8,27,4.7,12.8
450001,Puerto Aysén Ad.,45&deg 23' 58'' S,11,2023,8,28,5.2,9.8
450001,Puerto Aysén Ad.,45&deg 23' 58'' S,11,2023,8,29,4.2,11.9
450001,Puerto Aysén Ad.,45&deg 23' 58'' S,11,2023,8,30,1.7,9.2
450001,Puerto Aysén Ad.,45&deg 23' 58'' S,11,2023,8,31,4.5,6.7
450004,"Teniente Vidal, Coyhaique Ad.",45&deg 35' 27'' S,299,2023,8,1,3.3,5.4
450004,"Teniente Vidal, Coyhaique Ad.",45&deg 35' 27'' S,299,2023,8,2,-1.3,6.4
450004,"Teniente Vidal, Coyhaique Ad.",45&deg 35' 27'' S,299,2023,8,3,2.3,8.9
450004,"Teniente Vidal, Coyhaique Ad.",45&deg 35' 27'' S,299,2023,8,4,4.9,9.6
450004,"Teniente Vidal, Coyhaique Ad.",45&deg 35' 27'' S,299,2023,8,5,0.5,11.7
450004,"Teniente Vidal, Coyhaique Ad.",45&deg 35' 27'' S,299,2023,8,6,1.9,9.8
450004,"Teniente Vidal, Coyhaique Ad.",45&deg 35' 27'' S,299,2023,8,7,-3.8,7.2
450004,"Teniente Vidal, Coyhaique Ad.",45&deg 35' 27'' S,299,2023,8,8,-1.1,11.5
450004,"Teniente Vidal, Coyhaique Ad.",45&deg 35' 27'' S,299,2023,8,9,4.1,9.8
450004,"Teniente Vidal, Coyhaique Ad.",45&deg 35' 27'' S,299,2023,8,10,4.7,11.4
450004,"Teniente Vidal, Coyhaique Ad.",45&deg 35' 27'' S,299,2023,8,11,-0.3,7.8
450004,"Teniente Vidal, Coyhaique Ad.",45&deg 35' 27'' S,299,2023,8,12,-1.7,1.9
450004,"Teniente Vidal, Coyhaique Ad.",45&deg 35' 27'' S,299,2023,8,13,0.0,7.6
450004,"Teniente Vidal, Coyhaique Ad.",45&deg 35' 27'' S,299,2023,8,14,3.5,10.1
450004,"Teniente Vidal, Coyhaique Ad.",45&deg 35' 27'' S,299,2023,8,15,3.3,5.5
450004,"Teniente Vidal, Coyhaique Ad.",45&deg 35' 27'' S,299,2023,8,16,-2.8,0.0
450004,"Teniente Vidal, Coyhaique Ad.",45&deg 35' 27'' S,299,2023,8,17,-0.1,4.8
450004,"Teniente Vidal, Coyhaique Ad.",45&deg 35' 27'' S,299,2023,8,18,-0.7,8.0
450004,"Teniente Vidal, Coyhaique Ad.",45&deg 35' 27'' S,299,2023,8,19,-3.3,5.2
450004,"Teniente Vidal, Coyhaique Ad.",45&deg 35' 27'' S,299,2023,8,20,0.7,5.6
450004,"Teniente Vidal, Coyhaique Ad.",45&deg 35' 27'' S,299,2023,8,21,1.1,7.8
450004,"Teniente Vidal, Coyhaique Ad.",45&deg 35' 27'' S,299,2023,8,22,1.6,8.5
450004,"Teniente Vidal, Coyhaique Ad.",45&deg 35' 27'' S,299,2023,8,23,-1.7,6.9
450004,"Teniente Vidal, Coyhaique Ad.",45&deg 35' 27'' S,299,2023,8,24,-0.3,9.6
450004,"Teniente Vidal, Coyhaique Ad.",45&deg 35' 27'' S,299,2023,8,25,-1.6,9.4
450004,"Teniente Vidal, Coyhaique Ad.",45&deg 35' 27'' S,299,2023,8,26,1.5,9.4
450004,"Teniente Vidal, Coyhaique Ad.",45&deg 35' 27'' S,299,2023,8,27,4.5,12.8
450004,"Teniente Vidal, Coyhaique Ad.",45&deg 35' 27'' S,299,2023,8,28,3.7,9.3
450004,"Teniente Vidal, Coyhaique Ad.",45&deg 35' 27'' S,299,2023,8,29,3.2,14.1
450004,"Teniente Vidal, Coyhaique Ad.",45&deg 35' 27'' S,299,2023,8,30,0.6,7.2
450004,"Teniente Vidal, Coyhaique Ad.",45&deg 35' 27'' S,299,2023,8,31,3.6,8.9
450005,Balmaceda Ad.,45&deg 55' 6'' S,517,2023,8,1,1.5,4.2
450005,Balmaceda Ad.,45&deg 55' 6'' S,517,2023,8,2,-2.0,3.6
450005,Balmaceda Ad.,45&deg 55' 6'' S,517,2023,8,3,1.6,5.8
450005,Balmaceda Ad.,45&deg 55' 6'' S,517,2023,8,4,2.3,7.7
450005,Balmaceda Ad.,45&deg 55' 6'' S,517,2023,8,5,2.2,7.9
450005,Balmaceda Ad.,45&deg 55' 6'' S,517,2023,8,6,1.7,6.9
450005,Balmaceda Ad.,45&deg 55' 6'' S,517,2023,8,7,-4.4,5.5
450005,Balmaceda Ad.,45&deg 55' 6'' S,517,2023,8,8,-3.2,9.3
450005,Balmaceda Ad.,45&deg 55' 6'' S,517,2023,8,9,2.1,10.0
450005,Balmaceda Ad.,45&deg 55' 6'' S,517,2023,8,10,2.0,9.0
450005,Balmaceda Ad.,45&deg 55' 6'' S,517,2023,8,11,-0.4,6.6
450005,Balmaceda Ad.,45&deg 55' 6'' S,517,2023,8,12,-2.4,1.7
450005,Balmaceda Ad.,45&deg 55' 6'' S,517,2023,8,13,-0.3,5.9
450005,Balmaceda Ad.,45&deg 55' 6'' S,517,2023,8,14,3.4,7.5
450005,Balmaceda Ad.,45&deg 55' 6'' S,517,2023,8,15,1.8,4.2
450005,Balmaceda Ad.,45&deg 55' 6'' S,517,2023,8,16,-4.4,-0.2
450005,Balmaceda Ad.,45&deg 55' 6'' S,517,2023,8,17,-0.5,2.2
450005,Balmaceda Ad.,45&deg 55' 6'' S,517,2023,8,18,-0.6,3.8
450005,Balmaceda Ad.,45&deg 55' 6'' S,517,2023,8,19,-7.4,2.5
450005,Balmaceda Ad.,45&deg 55' 6'' S,517,2023,8,20,-0.8,3.8
450005,Balmaceda Ad.,45&deg 55' 6'' S,517,2023,8,21,0.0,4.9
450005,Balmaceda Ad.,45&deg 55' 6'' S,517,2023,8,22,0.3,5.6
450005,Balmaceda Ad.,45&deg 55' 6'' S,517,2023,8,23,-0.6,4.6
450005,Balmaceda Ad.,45&deg 55' 6'' S,517,2023,8,24,0.5,6.5
450005,Balmaceda Ad.,45&deg 55' 6'' S,517,2023,8,25,0.7,6.9
450005,Balmaceda Ad.,45&deg 55' 6'' S,517,2023,8,26,1.1,8.5
450005,Balmaceda Ad.,45&deg 55' 6'' S,517,2023,8,27,3.4,10.3
450005,Balmaceda Ad.,45&deg 55' 6'' S,517,2023,8,28,2.7,8.0
450005,Balmaceda Ad.,45&deg 55' 6'' S,517,2023,8,29,1.9,10.6
450005,Balmaceda Ad.,45&deg 55' 6'' S,517,2023,8,30,-0.3,6.4
450005,Balmaceda Ad.,45&deg 55' 6'' S,517,2023,8,31,0.9,7.3
460001,Chile Chico Ad.,46&deg 35' 6'' S,311,2023,8,1,4.6,7.5
460001,Chile Chico Ad.,46&deg 35' 6'' S,311,2023,8,2,-0.2,8.5
460001,Chile Chico Ad.,46&deg 35' 6'' S,311,2023,8,3,5.5,10.2
460001,Chile Chico Ad.,46&deg 35' 6'' S,311,2023,8,4,4.3,11.5
460001,Chile Chico Ad.,46&deg 35' 6'' S,311,2023,8,5,2.1,14.0
460001,Chile Chico Ad.,46&deg 35' 6'' S,311,2023,8,6,-0.4,12.9
460001,Chile Chico Ad.,46&deg 35' 6'' S,311,2023,8,7,-3.1,8.5
460001,Chile Chico Ad.,46&deg 35' 6'' S,311,2023,8,8,-2.4,14.8
460001,Chile Chico Ad.,46&deg 35' 6'' S,311,2023,8,9,3.0,11.5
460001,Chile Chico Ad.,46&deg 35' 6'' S,311,2023,8,10,1.3,13.5
460001,Chile Chico Ad.,46&deg 35' 6'' S,311,2023,8,11,-1.2,8.7
460001,Chile Chico Ad.,46&deg 35' 6'' S,311,2023,8,12,-0.5,2.8
460001,Chile Chico Ad.,46&deg 35' 6'' S,311,2023,8,13,-4.3,10.8
460001,Chile Chico Ad.,46&deg 35' 6'' S,311,2023,8,14,2.5,9.3
460001,Chile Chico Ad.,46&deg 35' 6'' S,311,2023,8,15,0.1,2.2
460001,Chile Chico Ad.,46&deg 35' 6'' S,311,2023,8,16,-4.1,-0.9
460001,Chile Chico Ad.,46&deg 35' 6'' S,311,2023,8,17,-1.4,2.7
460001,Chile Chico Ad.,46&deg 35' 6'' S,311,2023,8,18,-0.9,6.3
460001,Chile Chico Ad.,46&deg 35' 6'' S,311,2023,8,19,-3.1,4.3
460001,Chile Chico Ad.,46&deg 35' 6'' S,311,2023,8,20,0.4,5.0
460001,Chile Chico Ad.,46&deg 35' 6'' S,311,2023,8,21,2.1,7.1
460001,Chile Chico Ad.,46&deg 35' 6'' S,311,2023,8,22,0.1,9.5
460001,Chile Chico Ad.,46&deg 35' 6'' S,311,2023,8,23,0.3,7.6
460001,Chile Chico Ad.,46&deg 35' 6'' S,311,2023,8,24,-1.0,10.8
460001,Chile Chico Ad.,46&deg 35' 6'' S,311,2023,8,25,-3.1,10.9
460001,Chile Chico Ad.,46&deg 35' 6'' S,311,2023,8,26,-3.1,12.9
460001,Chile Chico Ad.,46&deg 35' 6'' S,311,2023,8,27,2.8,15.8
460001,Chile Chico Ad.,46&deg 35' 6'' S,311,2023,8,28,2.8,12.4
460001,Chile Chico Ad.,46&deg 35' 6'' S,311,2023,8,29,0.6,15.5
460001,Chile Chico Ad.,46&deg 35' 6'' S,311,2023,8,30,-1.3,9.5
460001,Chile Chico Ad.,46&deg 35' 6'' S,311,2023,8,31,5.6,13.2
470001,Lord Cochrane Ad.,47&deg 14' 38'' S,196,2023,8,1,-1.9,5.2
470001,Lord Cochrane Ad.,47&deg 14' 38'' S,196,2023,8,2,-4.0,6.1
470001,Lord Cochrane Ad.,47&deg 14' 38'' S,196,2023,8,3,0.6,8.4
470001,Lord Cochrane Ad.,47&deg 14' 38'' S,196,2023,8,4,0.1,9.4
470001,Lord Cochrane Ad.,47&deg 14' 38'' S,196,2023,8,5,0.5,10.9
470001,Lord Cochrane Ad.,47&deg 14' 38'' S,196,2023,8,6,3.2,11.6
470001,Lord Cochrane Ad.,47&deg 14' 38'' S,196,2023,8,7,-1.2,6.9
470001,Lord Cochrane Ad.,47&deg 14' 38'' S,196,2023,8,8,-1.3,13.5
470001,Lord Cochrane Ad.,47&deg 14' 38'' S,196,2023,8,9,3.3,13.9
470001,Lord Cochrane Ad.,47&deg 14' 38'' S,196,2023,8,10,1.2,10.7
470001,Lord Cochrane Ad.,47&deg 14' 38'' S,196,2023,8,11,1.0,7.7
470001,Lord Cochrane Ad.,47&deg 14' 38'' S,196,2023,8,12,-2.7,1.6
470001,Lord Cochrane Ad.,47&deg 14' 38'' S,196,2023,8,13,-0.5,5.0
470001,Lord Cochrane Ad.,47&deg 14' 38'' S,196,2023,8,14,-2.0,2.2
470001,Lord Cochrane Ad.,47&deg 14' 38'' S,196,2023,8,15,0.2,2.6
470001,Lord Cochrane Ad.,47&deg 14' 38'' S,196,2023,8,16,-1.3,2.0
470001,Lord Cochrane Ad.,47&deg 14' 38'' S,196,2023,8,17,-1.8,2.3
470001,Lord Cochrane Ad.,47&deg 14' 38'' S,196,2023,8,18,-0.8,6.1
470001,Lord Cochrane Ad.,47&deg 14' 38'' S,196,2023,8,19,-0.1,6.2
470001,Lord Cochrane Ad.,47&deg 14' 38'' S,196,2023,8,20,-1.4,6.8
470001,Lord Cochrane Ad.,47&deg 14' 38'' S,196,2023,8,21,-1.6,7.7
470001,Lord Cochrane Ad.,47&deg 14' 38'' S,196,2023,8,22,-2.0,8.9
470001,Lord Cochrane Ad.,47&deg 14' 38'' S,196,2023,8,23,-0.8,8.2
470001,Lord Cochrane Ad.,47&deg 14' 38'' S,196,2023,8,24,-2.4,11.1
470001,Lord Cochrane Ad.,47&deg 14' 38'' S,196,2023,8,25,-2.4,8.8
470001,Lord Cochrane Ad.,47&deg 14' 38'' S,196,2023,8,26,-2.0,11.1
470001,Lord Cochrane Ad.,47&deg 14' 38'' S,196,2023,8,27,2.4,14.5
470001,Lord Cochrane Ad.,47&deg 14' 38'' S,196,2023,8,28,4.0,11.9
470001,Lord Cochrane Ad.,47&deg 14' 38'' S,196,2023,8,29,1.5,13.0
470001,Lord Cochrane Ad.,47&deg 14' 38'' S,196,2023,8,30,0.6,4.8
510005,"Teniente Gallardo, Puerto Natales Ad.",51&deg 40' 2'' S,69,2023,8,1,-3.1,4.3
510005,"Teniente Gallardo, Puerto Natales Ad.",51&deg 40' 2'' S,69,2023,8,2,-2.6,4.5
510005,"Teniente Gallardo, Puerto Natales Ad.",51&deg 40' 2'' S,69,2023,8,3,3.3,6.1
510005,"Teniente Gallardo, Puerto Natales Ad.",51&deg 40' 2'' S,69,2023,8,4,1.4,7.8
510005,"Teniente Gallardo, Puerto Natales Ad.",51&deg 40' 2'' S,69,2023,8,5,6.0,9.7
510005,"Teniente Gallardo, Puerto Natales Ad.",51&deg 40' 2'' S,69,2023,8,6,-1.1,3.4
510005,"Teniente Gallardo, Puerto Natales Ad.",51&deg 40' 2'' S,69,2023,8,7,-4.2,2.0
510005,"Teniente Gallardo, Puerto Natales Ad.",51&deg 40' 2'' S,69,2023,8,8,-3.1,4.2
510005,"Teniente Gallardo, Puerto Natales Ad.",51&deg 40' 2'' S,69,2023,8,9,-0.6,7.5
510005,"Teniente Gallardo, Puerto Natales Ad.",51&deg 40' 2'' S,69,2023,8,10,1.2,6.6
510005,"Teniente Gallardo, Puerto Natales Ad.",51&deg 40' 2'' S,69,2023,8,11,-0.9,6.3
510005,"Teniente Gallardo, Puerto Natales Ad.",51&deg 40' 2'' S,69,2023,8,12,-3.6,3.8
510005,"Teniente Gallardo, Puerto Natales Ad.",51&deg 40' 2'' S,69,2023,8,13,-3.6,10.2
510005,"Teniente Gallardo, Puerto Natales Ad.",51&deg 40' 2'' S,69,2023,8,14,2.6,4.1
510005,"Teniente Gallardo, Puerto Natales Ad.",51&deg 40' 2'' S,69,2023,8,15,-4.1,2.9
510005,"Teniente Gallardo, Puerto Natales Ad.",51&deg 40' 2'' S,69,2023,8,16,-6.4,4.2
510005,"Teniente Gallardo, Puerto Natales Ad.",51&deg 40' 2'' S,69,2023,8,17,-8.9,2.8
510005,"Teniente Gallardo, Puerto Natales Ad.",51&deg 40' 2'' S,69,2023,8,18,-3.5,1.9
510005,"Teniente Gallardo, Puerto Natales Ad.",51&deg 40' 2'' S,69,2023,8,19,-5.6,1.3
510005,"Teniente Gallardo, Puerto Natales Ad.",51&deg 40' 2'' S,69,2023,8,20,-2.3,0.1
510005,"Teniente Gallardo, Puerto Natales Ad.",51&deg 40' 2'' S,69,2023,8,21,-4.1,2.0
510005,"Teniente Gallardo, Puerto Natales Ad.",51&deg 40' 2'' S,69,2023,8,22,-3.6,5.6
510005,"Teniente Gallardo, Puerto Natales Ad.",51&deg 40' 2'' S,69,2023,8,23,-1.1,6.1
510005,"Teniente Gallardo, Puerto Natales Ad.",51&deg 40' 2'' S,69,2023,8,24,3.0,6.2
510005,"Teniente Gallardo, Puerto Natales Ad.",51&deg 40' 2'' S,69,2023,8,25,-3.4,8.7
510005,"Teniente Gallardo, Puerto Natales Ad.",51&deg 40' 2'' S,69,2023,8,26,2.2,14.2
510005,"Teniente Gallardo, Puerto Natales Ad.",51&deg 40' 2'' S,69,2023,8,27,2.7,8.1
510005,"Teniente Gallardo, Puerto Natales Ad.",51&deg 40' 2'' S,69,2023,8,28,0.6,9.9
510005,"Teniente Gallardo, Puerto Natales Ad.",51&deg 40' 2'' S,69,2023,8,29,3.2,8.7
510005,"Teniente Gallardo, Puerto Natales Ad.",51&deg 40' 2'' S,69,2023,8,30,-2.4,6.2
510005,"Teniente Gallardo, Puerto Natales Ad.",51&deg 40' 2'' S,69,2023,8,31,0.3,6.1
520006,"Carlos Ibañez, Punta Arenas Ap.",53&deg 0' 6'' S,36,2023,8,1,0.2,3.3
520006,"Carlos Ibañez, Punta Arenas Ap.",53&deg 0' 6'' S,36,2023,8,2,-2.9,3.4
520006,"Carlos Ibañez, Punta Arenas Ap.",53&deg 0' 6'' S,36,2023,8,3,2.1,5.0
520006,"Carlos Ibañez, Punta Arenas Ap.",53&deg 0' 6'' S,36,2023,8,4,0.0,3.7
520006,"Carlos Ibañez, Punta Arenas Ap.",53&deg 0' 6'' S,36,2023,8,5,1.6,6.4
520006,"Carlos Ibañez, Punta Arenas Ap.",53&deg 0' 6'' S,36,2023,8,6,-2.2,2.7
520006,"Carlos Ibañez, Punta Arenas Ap.",53&deg 0' 6'' S,36,2023,8,7,-1.2,4.0
520006,"Carlos Ibañez, Punta Arenas Ap.",53&deg 0' 6'' S,36,2023,8,8,0.0,3.7
520006,"Carlos Ibañez, Punta Arenas Ap.",53&deg 0' 6'' S,36,2023,8,9,-0.2,4.7
520006,"Carlos Ibañez, Punta Arenas Ap.",53&deg 0' 6'' S,36,2023,8,10,1.4,5.6
520006,"Carlos Ibañez, Punta Arenas Ap.",53&deg 0' 6'' S,36,2023,8,11,-1.8,4.4
520006,"Carlos Ibañez, Punta Arenas Ap.",53&deg 0' 6'' S,36,2023,8,12,-0.1,4.7
520006,"Carlos Ibañez, Punta Arenas Ap.",53&deg 0' 6'' S,36,2023,8,13,-0.4,4.8
520006,"Carlos Ibañez, Punta Arenas Ap.",53&deg 0' 6'' S,36,2023,8,14,1.1,4.8
520006,"Carlos Ibañez, Punta Arenas Ap.",53&deg 0' 6'' S,36,2023,8,15,-3.0,3.5
520006,"Carlos Ibañez, Punta Arenas Ap.",53&deg 0' 6'' S,36,2023,8,16,-2.1,5.3
520006,"Carlos Ibañez, Punta Arenas Ap.",53&deg 0' 6'' S,36,2023,8,17,-6.5,3.5
520006,"Carlos Ibañez, Punta Arenas Ap.",53&deg 0' 6'' S,36,2023,8,18,2.8,3.9
520006,"Carlos Ibañez, Punta Arenas Ap.",53&deg 0' 6'' S,36,2023,8,19,-1.6,4.0
520006,"Carlos Ibañez, Punta Arenas Ap.",53&deg 0' 6'' S,36,2023,8,20,0.4,4.5
520006,"Carlos Ibañez, Punta Arenas Ap.",53&deg 0' 6'' S,36,2023,8,21,2.4,3.7
520006,"Carlos Ibañez, Punta Arenas Ap.",53&deg 0' 6'' S,36,2023,8,22,-0.2,5.8
520006,"Carlos Ibañez, Punta Arenas Ap.",53&deg 0' 6'' S,36,2023,8,23,-1.0,4.2
520006,"Carlos Ibañez, Punta Arenas Ap.",53&deg 0' 6'' S,36,2023,8,24,1.9,3.1
520006,"Carlos Ibañez, Punta Arenas Ap.",53&deg 0' 6'' S,36,2023,8,25,-1.9,5.4
520006,"Carlos Ibañez, Punta Arenas Ap.",53&deg 0' 6'' S,36,2023,8,26,0.8,9.6
520006,"Carlos Ibañez, Punta Arenas Ap.",53&deg 0' 6'' S,36,2023,8,27,1.2,7.1
520006,"Carlos Ibañez, Punta Arenas Ap.",53&deg 0' 6'' S,36,2023,8,28,0.7,8.1
520006,"Carlos Ibañez, Punta Arenas Ap.",53&deg 0' 6'' S,36,2023,8,29,3.4,6.7
520006,"Carlos Ibañez, Punta Arenas Ap.",53&deg 0' 6'' S,36,2023,8,30,-0.7,6.6
520006,"Carlos Ibañez, Punta Arenas Ap.",53&deg 0' 6'' S,36,2023,8,31,0.6,6.5
530005,"Fuentes Martínez, Porvenir Ad.",53&deg 15' 13'' S,25,2023,8,1,-0.2,5.3
530005,"Fuentes Martínez, Porvenir Ad.",53&deg 15' 13'' S,25,2023,8,2,-2.4,3.5
530005,"Fuentes Martínez, Porvenir Ad.",53&deg 15' 13'' S,25,2023,8,3,2.5,4.7
530005,"Fuentes Martínez, Porvenir Ad.",53&deg 15' 13'' S,25,2023,8,4,-0.6,3.8
530005,"Fuentes Martínez, Porvenir Ad.",53&deg 15' 13'' S,25,2023,8,5,1.4,6.2
530005,"Fuentes Martínez, Porvenir Ad.",53&deg 15' 13'' S,25,2023,8,6,-2.7,2.5
530005,"Fuentes Martínez, Porvenir Ad.",53&deg 15' 13'' S,25,2023,8,7,-2.0,4.6
530005,"Fuentes Martínez, Porvenir Ad.",53&deg 15' 13'' S,25,2023,8,8,0.2,5.5
530005,"Fuentes Martínez, Porvenir Ad.",53&deg 15' 13'' S,25,2023,8,9,-0.2,7.0
530005,"Fuentes Martínez, Porvenir Ad.",53&deg 15' 13'' S,25,2023,8,10,2.4,5.4
530005,"Fuentes Martínez, Porvenir Ad.",53&deg 15' 13'' S,25,2023,8,11,0.3,4.9
530005,"Fuentes Martínez, Porvenir Ad.",53&deg 15' 13'' S,25,2023,8,12,-1.3,5.6
530005,"Fuentes Martínez, Porvenir Ad.",53&deg 15' 13'' S,25,2023,8,13,-0.7,3.6
530005,"Fuentes Martínez, Porvenir Ad.",53&deg 15' 13'' S,25,2023,8,14,0.5,5.4
530005,"Fuentes Martínez, Porvenir Ad.",53&deg 15' 13'' S,25,2023,8,15,-0.9,3.3
530005,"Fuentes Martínez, Porvenir Ad.",53&deg 15' 13'' S,25,2023,8,16,-4.6,6.2
530005,"Fuentes Martínez, Porvenir Ad.",53&deg 15' 13'' S,25,2023,8,17,-5.1,3.3
530005,"Fuentes Martínez, Porvenir Ad.",53&deg 15' 13'' S,25,2023,8,18,1.6,4.3
530005,"Fuentes Martínez, Porvenir Ad.",53&deg 15' 13'' S,25,2023,8,19,-0.7,4.6
530005,"Fuentes Martínez, Porvenir Ad.",53&deg 15' 13'' S,25,2023,8,20,0.3,5.6
530005,"Fuentes Martínez, Porvenir Ad.",53&deg 15' 13'' S,25,2023,8,21,2.4,4.9
530005,"Fuentes Martínez, Porvenir Ad.",53&deg 15' 13'' S,25,2023,8,22,-0.2,5.4
530005,"Fuentes Martínez, Porvenir Ad.",53&deg 15' 13'' S,25,2023,8,23,-0.3,5.0
530005,"Fuentes Martínez, Porvenir Ad.",53&deg 15' 13'' S,25,2023,8,24,1.7,3.8
530005,"Fuentes Martínez, Porvenir Ad.",53&deg 15' 13'' S,25,2023,8,25,-2.0,5.7
530005,"Fuentes Martínez, Porvenir Ad.",53&deg 15' 13'' S,25,2023,8,26,-0.1,6.8
530005,"Fuentes Martínez, Porvenir Ad.",53&deg 15' 13'' S,25,2023,8,27,1.5,7.6
530005,"Fuentes Martínez, Porvenir Ad.",53&deg 15' 13'' S,25,2023,8,28,-0.4,8.8
530005,"Fuentes Martínez, Porvenir Ad.",53&deg 15' 13'' S,25,2023,8,29,2.5,7.3
530005,"Fuentes Martínez, Porvenir Ad.",53&deg 15' 13'' S,25,2023,8,30,-1.4,7.2
530005,"Fuentes Martínez, Porvenir Ad.",53&deg 15' 13'' S,25,2023,8,31,0.2,6.0
550001,"Guardiamarina Zañartu, Pto Williams Ad.",54&deg 55' 54'' S,12,2023,8,1,0.7,5.6
550001,"Guardiamarina Zañartu, Pto Williams Ad.",54&deg 55' 54'' S,12,2023,8,2,-3.4,1.5
550001,"Guardiamarina Zañartu, Pto Williams Ad.",54&deg 55' 54'' S,12,2023,8,3,0.7,4.2
550001,"Guardiamarina Zañartu, Pto Williams Ad.",54&deg 55' 54'' S,12,2023,8,4,-2.9,1.5
550001,"Guardiamarina Zañartu, Pto Williams Ad.",54&deg 55' 54'' S,12,2023,8,5,-1.0,6.7
550001,"Guardiamarina Zañartu, Pto Williams Ad.",54&deg 55' 54'' S,12,2023,8,6,-2.1,2.5
550001,"Guardiamarina Zañartu, Pto Williams Ad.",54&deg 55' 54'' S,12,2023,8,7,0.8,4.5
550001,"Guardiamarina Zañartu, Pto Williams Ad.",54&deg 55' 54'' S,12,2023,8,8,-0.6,6.4
550001,"Guardiamarina Zañartu, Pto Williams Ad.",54&deg 55' 54'' S,12,2023,8,9,-2.6,9.1
550001,"Guardiamarina Zañartu, Pto Williams Ad.",54&deg 55' 54'' S,12,2023,8,10,0.2,6.6
550001,"Guardiamarina Zañartu, Pto Williams Ad.",54&deg 55' 54'' S,12,2023,8,11,-1.7,4.4
550001,"Guardiamarina Zañartu, Pto Williams Ad.",54&deg 55' 54'' S,12,2023,8,12,0.4,6.1
550001,"Guardiamarina Zañartu, Pto Williams Ad.",54&deg 55' 54'' S,12,2023,8,13,-1.5,6.6
550001,"Guardiamarina Zañartu, Pto Williams Ad.",54&deg 55' 54'' S,12,2023,8,14,-1.4,7.0
550001,"Guardiamarina Zañartu, Pto Williams Ad.",54&deg 55' 54'' S,12,2023,8,15,-2.7,2.3
550001,"Guardiamarina Zañartu, Pto Williams Ad.",54&deg 55' 54'' S,12,2023,8,16,0.7,5.6
550001,"Guardiamarina Zañartu, Pto Williams Ad.",54&deg 55' 54'' S,12,2023,8,17,-5.4,5.3
550001,"Guardiamarina Zañartu, Pto Williams Ad.",54&deg 55' 54'' S,12,2023,8,18,0.0,7.4
550001,"Guardiamarina Zañartu, Pto Williams Ad.",54&deg 55' 54'' S,12,2023,8,19,2.0,7.6
550001,"Guardiamarina Zañartu, Pto Williams Ad.",54&deg 55' 54'' S,12,2023,8,20,3.3,6.2
550001,"Guardiamarina Zañartu, Pto Williams Ad.",54&deg 55' 54'' S,12,2023,8,21,3.0,6.9
550001,"Guardiamarina Zañartu, Pto Williams Ad.",54&deg 55' 54'' S,12,2023,8,22,0.9,6.3
550001,"Guardiamarina Zañartu, Pto Williams Ad.",54&deg 55' 54'' S,12,2023,8,23,-1.0,4.3
550001,"Guardiamarina Zañartu, Pto Williams Ad.",54&deg 55' 54'' S,12,2023,8,26,-1.9,8.3
550001,"Guardiamarina Zañartu, Pto Williams Ad.",54&deg 55' 54'' S,12,2023,8,27,-0.2,10.6
550001,"Guardiamarina Zañartu, Pto Williams Ad.",54&deg 55' 54'' S,12,2023,8,28,-0.1,8.5
550001,"Guardiamarina Zañartu, Pto Williams Ad.",54&deg 55' 54'' S,12,2023,8,29,-1.8,10.8
550001,"Guardiamarina Zañartu, Pto Williams Ad.",54&deg 55' 54'' S,12,2023,8,30,1.1,7.1
550001,"Guardiamarina Zañartu, Pto Williams Ad.",54&deg 55' 54'' S,12,2023,8,31,-2.2,7.5
950001,"C.M.A. Eduardo Frei Montalva, Antártica ",62&deg 11' 31'' S,45,2023,8,1,-2.1,-1.6
950001,"C.M.A. Eduardo Frei Montalva, Antártica ",62&deg 11' 31'' S,45,2023,8,2,-7.9,-1.7
950001,"C.M.A. Eduardo Frei Montalva, Antártica ",62&deg 11' 31'' S,45,2023,8,3,-11.3,-6.6
950001,"C.M.A. Eduardo Frei Montalva, Antártica ",62&deg 11' 31'' S,45,2023,8,4,-13.1,-7.5
950001,"C.M.A. Eduardo Frei Montalva, Antártica ",62&deg 11' 31'' S,45,2023,8,5,-11.7,-8.1
950001,"C.M.A. Eduardo Frei Montalva, Antártica ",62&deg 11' 31'' S,45,2023,8,6,-10.6,-5.8
950001,"C.M.A. Eduardo Frei Montalva, Antártica ",62&deg 11' 31'' S,45,2023,8,7,-6.7,-2.8
950001,"C.M.A. Eduardo Frei Montalva, Antártica ",62&deg 11' 31'' S,45,2023,8,8,-5.1,-2.4
950001,"C.M.A. Eduardo Frei Montalva, Antártica ",62&deg 11' 31'' S,45,2023,8,9,-5.3,-1.1
950001,"C.M.A. Eduardo Frei Montalva, Antártica ",62&deg 11' 31'' S,45,2023,8,10,-7.1,-1.3
950001,"C.M.A. Eduardo Frei Montalva, Antártica ",62&deg 11' 31'' S,45,2023,8,11,-7.4,-2.1
950001,"C.M.A. Eduardo Frei Montalva, Antártica ",62&deg 11' 31'' S,45,2023,8,12,-7.0,-3.2
950001,"C.M.A. Eduardo Frei Montalva, Antártica ",62&deg 11' 31'' S,45,2023,8,13,-4.8,-2.0
950001,"C.M.A. Eduardo Frei Montalva, Antártica ",62&deg 11' 31'' S,45,2023,8,14,-5.0,-1.3
950001,"C.M.A. Eduardo Frei Montalva, Antártica ",62&deg 11' 31'' S,45,2023,8,15,-7.6,-5.1
950001,"C.M.A. Eduardo Frei Montalva, Antártica ",62&deg 11' 31'' S,45,2023,8,16,-5.7,-3.0
950001,"C.M.A. Eduardo Frei Montalva, Antártica ",62&deg 11' 31'' S,45,2023,8,17,-3.5,-2.3
950001,"C.M.A. Eduardo Frei Montalva, Antártica ",62&deg 11' 31'' S,45,2023,8,18,-2.7,-1.9
950001,"C.M.A. Eduardo Frei Montalva, Antártica ",62&deg 11' 31'' S,45,2023,8,19,-2.9,-1.1
950001,"C.M.A. Eduardo Frei Montalva, Antártica ",62&deg 11' 31'' S,45,2023,8,20,-2.3,-1.3
950001,"C.M.A. Eduardo Frei Montalva, Antártica ",62&deg 11' 31'' S,45,2023,8,21,-2.0,-1.4
950001,"C.M.A. Eduardo Frei Montalva, Antártica ",62&deg 11' 31'' S,45,2023,8,22,-2.3,-1.8
950001,"C.M.A. Eduardo Frei Montalva, Antártica ",62&deg 11' 31'' S,45,2023,8,23,-4.8,-1.9
950001,"C.M.A. Eduardo Frei Montalva, Antártica ",62&deg 11' 31'' S,45,2023,8,24,-9.5,-3.8
950001,"C.M.A. Eduardo Frei Montalva, Antártica ",62&deg 11' 31'' S,45,2023,8,25,-11.3,-7.1
950001,"C.M.A. Eduardo Frei Montalva, Antártica ",62&deg 11' 31'' S,45,2023,8,26,-11.0,-6.5
950001,"C.M.A. Eduardo Frei Montalva, Antártica ",62&deg 11' 31'' S,45,2023,8,27,-7.0,-1.5
950001,"C.M.A. Eduardo Frei Montalva, Antártica ",62&deg 11' 31'' S,45,2023,8,28,-4.2,-1.8
950001,"C.M.A. Eduardo Frei Montalva, Antártica ",62&deg 11' 31'' S,45,2023,8,29,-8.1,-4.1
950001,"C.M.A. Eduardo Frei Montalva, Antártica ",62&deg 11' 31'' S,45,2023,8,30,-7.2,-1.7
950001,"C.M.A. Eduardo Frei Montalva, Antártica ",62&deg 11' 31'' S,45,2023,8,31,-6.3,0.4
180005,"Chacalluta, Arica Ap.",18&deg 21' 20'' S,50,2023,10,1,16.6,21.4
180005,"Chacalluta, Arica Ap.",18&deg 21' 20'' S,50,2023,10,2,18.2,21.6
180005,"Chacalluta, Arica Ap.",18&deg 21' 20'' S,50,2023,10,3,17.8,21.8
180005,"Chacalluta, Arica Ap.",18&deg 21' 20'' S,50,2023,10,4,17.2,21.3
180005,"Chacalluta, Arica Ap.",18&deg 21' 20'' S,50,2023,10,5,17.8,21.2
180005,"Chacalluta, Arica Ap.",18&deg 21' 20'' S,50,2023,10,6,16.1,21.5
180005,"Chacalluta, Arica Ap.",18&deg 21' 20'' S,50,2023,10,7,17.1,21.2
180005,"Chacalluta, Arica Ap.",18&deg 21' 20'' S,50,2023,10,8,16.7,20.5
180005,"Chacalluta, Arica Ap.",18&deg 21' 20'' S,50,2023,10,9,16.9,20.5
180005,"Chacalluta, Arica Ap.",18&deg 21' 20'' S,50,2023,10,10,14.1,20.9
180005,"Chacalluta, Arica Ap.",18&deg 21' 20'' S,50,2023,10,11,15.3,20.2
180005,"Chacalluta, Arica Ap.",18&deg 21' 20'' S,50,2023,10,12,15.1,21.0
180005,"Chacalluta, Arica Ap.",18&deg 21' 20'' S,50,2023,10,13,17.5,20.8
180005,"Chacalluta, Arica Ap.",18&deg 21' 20'' S,50,2023,10,14,15.5,20.7
180005,"Chacalluta, Arica Ap.",18&deg 21' 20'' S,50,2023,10,15,14.5,20.9
180005,"Chacalluta, Arica Ap.",18&deg 21' 20'' S,50,2023,10,16,18.2,21.3
180005,"Chacalluta, Arica Ap.",18&deg 21' 20'' S,50,2023,10,17,15.2,21.4
180005,"Chacalluta, Arica Ap.",18&deg 21' 20'' S,50,2023,10,18,17.0,21.8
180005,"Chacalluta, Arica Ap.",18&deg 21' 20'' S,50,2023,10,19,16.2,21.9
180005,"Chacalluta, Arica Ap.",18&deg 21' 20'' S,50,2023,10,20,16.1,21.7
180005,"Chacalluta, Arica Ap.",18&deg 21' 20'' S,50,2023,10,21,18.4,21.9
180005,"Chacalluta, Arica Ap.",18&deg 21' 20'' S,50,2023,10,22,18.4,22.2
180005,"Chacalluta, Arica Ap.",18&deg 21' 20'' S,50,2023,10,23,17.9,21.9
180005,"Chacalluta, Arica Ap.",18&deg 21' 20'' S,50,2023,10,24,17.3,21.2
180005,"Chacalluta, Arica Ap.",18&deg 21' 20'' S,50,2023,10,25,17.8,20.9
180005,"Chacalluta, Arica Ap.",18&deg 21' 20'' S,50,2023,10,26,18.0,21.7
180005,"Chacalluta, Arica Ap.",18&deg 21' 20'' S,50,2023,10,27,18.3,23.1
180005,"Chacalluta, Arica Ap.",18&deg 21' 20'' S,50,2023,10,28,17.1,22.3
180005,"Chacalluta, Arica Ap.",18&deg 21' 20'' S,50,2023,10,29,16.3,23.5
180005,"Chacalluta, Arica Ap.",18&deg 21' 20'' S,50,2023,10,30,15.1,20.9
180005,"Chacalluta, Arica Ap.",18&deg 21' 20'' S,50,2023,10,31,15.9,20.9
200006,Diego Aracena Iquique Ap.,20&deg 32' 57'' S,48,2023,10,1,16.2,21.1
200006,Diego Aracena Iquique Ap.,20&deg 32' 57'' S,48,2023,10,2,16.9,21.0
200006,Diego Aracena Iquique Ap.,20&deg 32' 57'' S,48,2023,10,3,17.7,21.2
200006,Diego Aracena Iquique Ap.,20&deg 32' 57'' S,48,2023,10,4,17.4,20.4
200006,Diego Aracena Iquique Ap.,20&deg 32' 57'' S,48,2023,10,5,17.4,20.3
200006,Diego Aracena Iquique Ap.,20&deg 32' 57'' S,48,2023,10,6,16.0,21.5
200006,Diego Aracena Iquique Ap.,20&deg 32' 57'' S,48,2023,10,7,16.6,20.3
200006,Diego Aracena Iquique Ap.,20&deg 32' 57'' S,48,2023,10,8,13.8,19.8
200006,Diego Aracena Iquique Ap.,20&deg 32' 57'' S,48,2023,10,9,16.2,20.5
200006,Diego Aracena Iquique Ap.,20&deg 32' 57'' S,48,2023,10,10,14.7,20.2
200006,Diego Aracena Iquique Ap.,20&deg 32' 57'' S,48,2023,10,11,15.1,20.2
200006,Diego Aracena Iquique Ap.,20&deg 32' 57'' S,48,2023,10,12,14.0,19.7
200006,Diego Aracena Iquique Ap.,20&deg 32' 57'' S,48,2023,10,13,16.7,20.6
200006,Diego Aracena Iquique Ap.,20&deg 32' 57'' S,48,2023,10,14,14.4,20.6
200006,Diego Aracena Iquique Ap.,20&deg 32' 57'' S,48,2023,10,15,15.7,20.3
200006,Diego Aracena Iquique Ap.,20&deg 32' 57'' S,48,2023,10,16,16.2,21.8
200006,Diego Aracena Iquique Ap.,20&deg 32' 57'' S,48,2023,10,17,14.9,22.4
200006,Diego Aracena Iquique Ap.,20&deg 32' 57'' S,48,2023,10,18,17.8,22.4
200006,Diego Aracena Iquique Ap.,20&deg 32' 57'' S,48,2023,10,19,16.0,21.8
200006,Diego Aracena Iquique Ap.,20&deg 32' 57'' S,48,2023,10,20,16.1,21.4
200006,Diego Aracena Iquique Ap.,20&deg 32' 57'' S,48,2023,10,21,18.3,21.8
200006,Diego Aracena Iquique Ap.,20&deg 32' 57'' S,48,2023,10,22,17.5,20.8
200006,Diego Aracena Iquique Ap.,20&deg 32' 57'' S,48,2023,10,23,15.8,21.6
200006,Diego Aracena Iquique Ap.,20&deg 32' 57'' S,48,2023,10,24,16.9,20.8
200006,Diego Aracena Iquique Ap.,20&deg 32' 57'' S,48,2023,10,25,17.2,20.9
200006,Diego Aracena Iquique Ap.,20&deg 32' 57'' S,48,2023,10,26,17.4,20.7
200006,Diego Aracena Iquique Ap.,20&deg 32' 57'' S,48,2023,10,27,17.9,22.1
200006,Diego Aracena Iquique Ap.,20&deg 32' 57'' S,48,2023,10,28,16.4,21.7
200006,Diego Aracena Iquique Ap.,20&deg 32' 57'' S,48,2023,10,29,15.8,23.4
200006,Diego Aracena Iquique Ap.,20&deg 32' 57'' S,48,2023,10,30,14.4,20.9
200006,Diego Aracena Iquique Ap.,20&deg 32' 57'' S,48,2023,10,31,14.7,21.5
220002,"El Loa, Calama Ad.",22&deg 29' 53'' S,2321,2023,10,1,5.1,25.8
220002,"El Loa, Calama Ad.",22&deg 29' 53'' S,2321,2023,10,2,4.4,26.8
220002,"El Loa, Calama Ad.",22&deg 29' 53'' S,2321,2023,10,3,6.8,25.1
220002,"El Loa, Calama Ad.",22&deg 29' 53'' S,2321,2023,10,4,7.3,25.5
220002,"El Loa, Calama Ad.",22&deg 29' 53'' S,2321,2023,10,5,4.0,24.8
220002,"El Loa, Calama Ad.",22&deg 29' 53'' S,2321,2023,10,6,4.9,22.7
220002,"El Loa, Calama Ad.",22&deg 29' 53'' S,2321,2023,10,7,3.0,22.1
220002,"El Loa, Calama Ad.",22&deg 29' 53'' S,2321,2023,10,8,3.0,25.5
220002,"El Loa, Calama Ad.",22&deg 29' 53'' S,2321,2023,10,9,4.0,25.2
220002,"El Loa, Calama Ad.",22&deg 29' 53'' S,2321,2023,10,10,3.9,25.2
220002,"El Loa, Calama Ad.",22&deg 29' 53'' S,2321,2023,10,11,5.0,25.8
220002,"El Loa, Calama Ad.",22&deg 29' 53'' S,2321,2023,10,12,3.2,27.4
220002,"El Loa, Calama Ad.",22&deg 29' 53'' S,2321,2023,10,13,4.3,26.7
220002,"El Loa, Calama Ad.",22&deg 29' 53'' S,2321,2023,10,14,3.1,26.2
220002,"El Loa, Calama Ad.",22&deg 29' 53'' S,2321,2023,10,15,3.9,25.4
220002,"El Loa, Calama Ad.",22&deg 29' 53'' S,2321,2023,10,16,4.7,26.0
220002,"El Loa, Calama Ad.",22&deg 29' 53'' S,2321,2023,10,17,6.9,25.5
220002,"El Loa, Calama Ad.",22&deg 29' 53'' S,2321,2023,10,18,11.3,24.7
220002,"El Loa, Calama Ad.",22&deg 29' 53'' S,2321,2023,10,19,10.3,26.8
220002,"El Loa, Calama Ad.",22&deg 29' 53'' S,2321,2023,10,20,10.1,28.0
220002,"El Loa, Calama Ad.",22&deg 29' 53'' S,2321,2023,10,21,6.9,28.5
220002,"El Loa, Calama Ad.",22&deg 29' 53'' S,2321,2023,10,22,12.1,25.8
220002,"El Loa, Calama Ad.",22&deg 29' 53'' S,2321,2023,10,23,8.3,27.4
220002,"El Loa, Calama Ad.",22&deg 29' 53'' S,2321,2023,10,24,7.6,28.4
220002,"El Loa, Calama Ad.",22&deg 29' 53'' S,2321,2023,10,25,6.9,28.2
220002,"El Loa, Calama Ad.",22&deg 29' 53'' S,2321,2023,10,26,6.7,25.2
220002,"El Loa, Calama Ad.",22&deg 29' 53'' S,2321,2023,10,27,2.7,20.9
220002,"El Loa, Calama Ad.",22&deg 29' 53'' S,2321,2023,10,28,2.5,22.6
220002,"El Loa, Calama Ad.",22&deg 29' 53'' S,2321,2023,10,29,3.7,21.9
220002,"El Loa, Calama Ad.",22&deg 29' 53'' S,2321,2023,10,30,3.0,23.3
220002,"El Loa, Calama Ad.",22&deg 29' 53'' S,2321,2023,10,31,4.9,24.2
230001,Cerro Moreno  Antofagasta  Ap.,23&deg 27' 13'' S,112,2023,10,1,13.8,18.0
230001,Cerro Moreno  Antofagasta  Ap.,23&deg 27' 13'' S,112,2023,10,2,14.6,16.6
230001,Cerro Moreno  Antofagasta  Ap.,23&deg 27' 13'' S,112,2023,10,3,14.1,18.0
230001,Cerro Moreno  Antofagasta  Ap.,23&deg 27' 13'' S,112,2023,10,4,14.3,17.4
230001,Cerro Moreno  Antofagasta  Ap.,23&deg 27' 13'' S,112,2023,10,5,14.7,18.4
230001,Cerro Moreno  Antofagasta  Ap.,23&deg 27' 13'' S,112,2023,10,6,15.0,18.5
230001,Cerro Moreno  Antofagasta  Ap.,23&deg 27' 13'' S,112,2023,10,7,13.9,17.9
230001,Cerro Moreno  Antofagasta  Ap.,23&deg 27' 13'' S,112,2023,10,8,14.4,17.3
230001,Cerro Moreno  Antofagasta  Ap.,23&deg 27' 13'' S,112,2023,10,9,14.8,18.7
230001,Cerro Moreno  Antofagasta  Ap.,23&deg 27' 13'' S,112,2023,10,10,15.2,18.2
230001,Cerro Moreno  Antofagasta  Ap.,23&deg 27' 13'' S,112,2023,10,11,15.0,18.5
230001,Cerro Moreno  Antofagasta  Ap.,23&deg 27' 13'' S,112,2023,10,12,14.2,17.9
230001,Cerro Moreno  Antofagasta  Ap.,23&deg 27' 13'' S,112,2023,10,13,14.9,20.6
230001,Cerro Moreno  Antofagasta  Ap.,23&deg 27' 13'' S,112,2023,10,14,15.2,18.5
230001,Cerro Moreno  Antofagasta  Ap.,23&deg 27' 13'' S,112,2023,10,15,15.2,18.4
230001,Cerro Moreno  Antofagasta  Ap.,23&deg 27' 13'' S,112,2023,10,16,15.2,19.3
230001,Cerro Moreno  Antofagasta  Ap.,23&deg 27' 13'' S,112,2023,10,17,13.7,19.9
230001,Cerro Moreno  Antofagasta  Ap.,23&deg 27' 13'' S,112,2023,10,18,16.2,19.2
230001,Cerro Moreno  Antofagasta  Ap.,23&deg 27' 13'' S,112,2023,10,19,15.8,18.6
230001,Cerro Moreno  Antofagasta  Ap.,23&deg 27' 13'' S,112,2023,10,20,15.3,18.7
230001,Cerro Moreno  Antofagasta  Ap.,23&deg 27' 13'' S,112,2023,10,21,15.8,18.7
230001,Cerro Moreno  Antofagasta  Ap.,23&deg 27' 13'' S,112,2023,10,22,14.6,17.1
230001,Cerro Moreno  Antofagasta  Ap.,23&deg 27' 13'' S,112,2023,10,23,15.2,18.3
230001,Cerro Moreno  Antofagasta  Ap.,23&deg 27' 13'' S,112,2023,10,24,15.2,18.7
230001,Cerro Moreno  Antofagasta  Ap.,23&deg 27' 13'' S,112,2023,10,25,14.7,17.8
230001,Cerro Moreno  Antofagasta  Ap.,23&deg 27' 13'' S,112,2023,10,26,15.3,20.9
230001,Cerro Moreno  Antofagasta  Ap.,23&deg 27' 13'' S,112,2023,10,27,15.6,19.5
230001,Cerro Moreno  Antofagasta  Ap.,23&deg 27' 13'' S,112,2023,10,28,13.1,18.3
230001,Cerro Moreno  Antofagasta  Ap.,23&deg 27' 13'' S,112,2023,10,29,13.7,19.6
230001,Cerro Moreno  Antofagasta  Ap.,23&deg 27' 13'' S,112,2023,10,30,13.3,19.0
230001,Cerro Moreno  Antofagasta  Ap.,23&deg 27' 13'' S,112,2023,10,31,15.4,18.8
270001,Mataveri  Isla de Pascua Ap.,27&deg 9' 32'' S,44,2023,10,1,15.1,19.6
270001,Mataveri  Isla de Pascua Ap.,27&deg 9' 32'' S,44,2023,10,2,13.3,19.1
270001,Mataveri  Isla de Pascua Ap.,27&deg 9' 32'' S,44,2023,10,3,14.0,19.2
270001,Mataveri  Isla de Pascua Ap.,27&deg 9' 32'' S,44,2023,10,4,14.9,20.2
270001,Mataveri  Isla de Pascua Ap.,27&deg 9' 32'' S,44,2023,10,5,14.1,21.1
270001,Mataveri  Isla de Pascua Ap.,27&deg 9' 32'' S,44,2023,10,6,15.1,21.3
270001,Mataveri  Isla de Pascua Ap.,27&deg 9' 32'' S,44,2023,10,7,15.4,22.6
270001,Mataveri  Isla de Pascua Ap.,27&deg 9' 32'' S,44,2023,10,8,13.1,22.3
270001,Mataveri  Isla de Pascua Ap.,27&deg 9' 32'' S,44,2023,10,9,15.0,23.0
270001,Mataveri  Isla de Pascua Ap.,27&deg 9' 32'' S,44,2023,10,10,15.2,21.7
270001,Mataveri  Isla de Pascua Ap.,27&deg 9' 32'' S,44,2023,10,11,16.1,21.3
270001,Mataveri  Isla de Pascua Ap.,27&deg 9' 32'' S,44,2023,10,12,15.5,23.5
270001,Mataveri  Isla de Pascua Ap.,27&deg 9' 32'' S,44,2023,10,13,17.8,23.2
270001,Mataveri  Isla de Pascua Ap.,27&deg 9' 32'' S,44,2023,10,14,16.7,23.0
270001,Mataveri  Isla de Pascua Ap.,27&deg 9' 32'' S,44,2023,10,15,16.9,23.6
270001,Mataveri  Isla de Pascua Ap.,27&deg 9' 32'' S,44,2023,10,16,14.5,23.1
270001,Mataveri  Isla de Pascua Ap.,27&deg 9' 32'' S,44,2023,10,17,16.7,23.4
270001,Mataveri  Isla de Pascua Ap.,27&deg 9' 32'' S,44,2023,10,18,17.1,21.6
270001,Mataveri  Isla de Pascua Ap.,27&deg 9' 32'' S,44,2023,10,19,16.8,21.8
270001,Mataveri  Isla de Pascua Ap.,27&deg 9' 32'' S,44,2023,10,20,16.8,21.5
270001,Mataveri  Isla de Pascua Ap.,27&deg 9' 32'' S,44,2023,10,21,11.7,23.1
270001,Mataveri  Isla de Pascua Ap.,27&deg 9' 32'' S,44,2023,10,22,13.2,23.4
270001,Mataveri  Isla de Pascua Ap.,27&deg 9' 32'' S,44,2023,10,23,17.6,21.3
270001,Mataveri  Isla de Pascua Ap.,27&deg 9' 32'' S,44,2023,10,24,16.5,20.7
270001,Mataveri  Isla de Pascua Ap.,27&deg 9' 32'' S,44,2023,10,25,16.7,20.3
270001,Mataveri  Isla de Pascua Ap.,27&deg 9' 32'' S,44,2023,10,26,15.5,22.1
270001,Mataveri  Isla de Pascua Ap.,27&deg 9' 32'' S,44,2023,10,27,15.9,21.7
270001,Mataveri  Isla de Pascua Ap.,27&deg 9' 32'' S,44,2023,10,28,17.9,22.0
270001,Mataveri  Isla de Pascua Ap.,27&deg 9' 32'' S,44,2023,10,29,16.6,22.2
270001,Mataveri  Isla de Pascua Ap.,27&deg 9' 32'' S,44,2023,10,30,15.5,22.8
270001,Mataveri  Isla de Pascua Ap.,27&deg 9' 32'' S,44,2023,10,31,17.4,23.1
270008,"Desierto de Atacama, Caldera  Ad.",27&deg 15' 16'' S,197,2023,10,1,11.4,18.5
270008,"Desierto de Atacama, Caldera  Ad.",27&deg 15' 16'' S,197,2023,10,2,12.7,18.9
270008,"Desierto de Atacama, Caldera  Ad.",27&deg 15' 16'' S,197,2023,10,3,12.4,19.4
270008,"Desierto de Atacama, Caldera  Ad.",27&deg 15' 16'' S,197,2023,10,4,7.1,18.8
270008,"Desierto de Atacama, Caldera  Ad.",27&deg 15' 16'' S,197,2023,10,5,11.1,18.4
270008,"Desierto de Atacama, Caldera  Ad.",27&deg 15' 16'' S,197,2023,10,6,12.4,18.9
270008,"Desierto de Atacama, Caldera  Ad.",27&deg 15' 16'' S,197,2023,10,7,8.2,18.6
270008,"Desierto de Atacama, Caldera  Ad.",27&deg 15' 16'' S,197,2023,10,8,11.1,20.7
270008,"Desierto de Atacama, Caldera  Ad.",27&deg 15' 16'' S,197,2023,10,9,10.9,19.9
270008,"Desierto de Atacama, Caldera  Ad.",27&deg 15' 16'' S,197,2023,10,10,12.0,20.2
270008,"Desierto de Atacama, Caldera  Ad.",27&deg 15' 16'' S,197,2023,10,11,11.5,20.4
270008,"Desierto de Atacama, Caldera  Ad.",27&deg 15' 16'' S,197,2023,10,12,10.0,20.7
270008,"Desierto de Atacama, Caldera  Ad.",27&deg 15' 16'' S,197,2023,10,13,11.2,20.2
270008,"Desierto de Atacama, Caldera  Ad.",27&deg 15' 16'' S,197,2023,10,14,12.6,19.5
270008,"Desierto de Atacama, Caldera  Ad.",27&deg 15' 16'' S,197,2023,10,15,11.6,18.7
270008,"Desierto de Atacama, Caldera  Ad.",27&deg 15' 16'' S,197,2023,10,16,12.0,20.0
270008,"Desierto de Atacama, Caldera  Ad.",27&deg 15' 16'' S,197,2023,10,17,12.5,20.2
270008,"Desierto de Atacama, Caldera  Ad.",27&deg 15' 16'' S,197,2023,10,18,12.3,21.2
270008,"Desierto de Atacama, Caldera  Ad.",27&deg 15' 16'' S,197,2023,10,19,9.7,20.2
270008,"Desierto de Atacama, Caldera  Ad.",27&deg 15' 16'' S,197,2023,10,20,12.0,20.9
270008,"Desierto de Atacama, Caldera  Ad.",27&deg 15' 16'' S,197,2023,10,21,12.6,20.9
270008,"Desierto de Atacama, Caldera  Ad.",27&deg 15' 16'' S,197,2023,10,22,11.3,19.4
270008,"Desierto de Atacama, Caldera  Ad.",27&deg 15' 16'' S,197,2023,10,23,12.1,21.1
270008,"Desierto de Atacama, Caldera  Ad.",27&deg 15' 16'' S,197,2023,10,24,12.5,18.5
270008,"Desierto de Atacama, Caldera  Ad.",27&deg 15' 16'' S,197,2023,10,25,12.0,18.7
270008,"Desierto de Atacama, Caldera  Ad.",27&deg 15' 16'' S,197,2023,10,26,12.0,16.2
270008,"Desierto de Atacama, Caldera  Ad.",27&deg 15' 16'' S,197,2023,10,27,12.6,20.6
270008,"Desierto de Atacama, Caldera  Ad.",27&deg 15' 16'' S,197,2023,10,28,8.9,19.9
270008,"Desierto de Atacama, Caldera  Ad.",27&deg 15' 16'' S,197,2023,10,29,9.2,20.7
270008,"Desierto de Atacama, Caldera  Ad.",27&deg 15' 16'' S,197,2023,10,30,9.9,21.9
270008,"Desierto de Atacama, Caldera  Ad.",27&deg 15' 16'' S,197,2023,10,31,11.2,20.2
290004,"La Florida, La Serena Ad.",29&deg 54' 52'' S,137,2023,10,1,11.2,14.4
290004,"La Florida, La Serena Ad.",29&deg 54' 52'' S,137,2023,10,2,11.8,17.6
290004,"La Florida, La Serena Ad.",29&deg 54' 52'' S,137,2023,10,3,12.0,18.6
290004,"La Florida, La Serena Ad.",29&deg 54' 52'' S,137,2023,10,4,8.4,17.6
290004,"La Florida, La Serena Ad.",29&deg 54' 52'' S,137,2023,10,5,8.1,17.0
290004,"La Florida, La Serena Ad.",29&deg 54' 52'' S,137,2023,10,6,10.3,17.8
290004,"La Florida, La Serena Ad.",29&deg 54' 52'' S,137,2023,10,7,8.5,17.5
290004,"La Florida, La Serena Ad.",29&deg 54' 52'' S,137,2023,10,8,8.7,17.7
290004,"La Florida, La Serena Ad.",29&deg 54' 52'' S,137,2023,10,9,8.7,16.1
290004,"La Florida, La Serena Ad.",29&deg 54' 52'' S,137,2023,10,10,11.8,16.4
290004,"La Florida, La Serena Ad.",29&deg 54' 52'' S,137,2023,10,11,8.2,17.8
290004,"La Florida, La Serena Ad.",29&deg 54' 52'' S,137,2023,10,12,8.4,18.7
290004,"La Florida, La Serena Ad.",29&deg 54' 52'' S,137,2023,10,13,9.1,16.9
290004,"La Florida, La Serena Ad.",29&deg 54' 52'' S,137,2023,10,14,10.1,16.9
290004,"La Florida, La Serena Ad.",29&deg 54' 52'' S,137,2023,10,15,9.6,15.9
290004,"La Florida, La Serena Ad.",29&deg 54' 52'' S,137,2023,10,16,10.3,17.7
290004,"La Florida, La Serena Ad.",29&deg 54' 52'' S,137,2023,10,17,10.9,16.9
290004,"La Florida, La Serena Ad.",29&deg 54' 52'' S,137,2023,10,18,11.5,19.9
290004,"La Florida, La Serena Ad.",29&deg 54' 52'' S,137,2023,10,19,8.8,18.7
290004,"La Florida, La Serena Ad.",29&deg 54' 52'' S,137,2023,10,20,11.5,17.3
290004,"La Florida, La Serena Ad.",29&deg 54' 52'' S,137,2023,10,21,10.9,18.5
290004,"La Florida, La Serena Ad.",29&deg 54' 52'' S,137,2023,10,22,9.0,17.8
290004,"La Florida, La Serena Ad.",29&deg 54' 52'' S,137,2023,10,23,13.4,20.1
290004,"La Florida, La Serena Ad.",29&deg 54' 52'' S,137,2023,10,24,11.0,17.8
290004,"La Florida, La Serena Ad.",29&deg 54' 52'' S,137,2023,10,25,11.0,15.6
290004,"La Florida, La Serena Ad.",29&deg 54' 52'' S,137,2023,10,26,12.1,15.6
290004,"La Florida, La Serena Ad.",29&deg 54' 52'' S,137,2023,10,27,12.2,17.9
290004,"La Florida, La Serena Ad.",29&deg 54' 52'' S,137,2023,10,28,9.9,17.9
290004,"La Florida, La Serena Ad.",29&deg 54' 52'' S,137,2023,10,29,11.6,19.6
290004,"La Florida, La Serena Ad.",29&deg 54' 52'' S,137,2023,10,30,12.2,20.2
290004,"La Florida, La Serena Ad.",29&deg 54' 52'' S,137,2023,10,31,10.6,18.3
330007,"Rodelillo, Ad.",33&deg 3' 55'' S,330,2023,10,1,9.5,12.8
330007,"Rodelillo, Ad.",33&deg 3' 55'' S,330,2023,10,2,9.6,16.3
330007,"Rodelillo, Ad.",33&deg 3' 55'' S,330,2023,10,3,9.1,17.5
330007,"Rodelillo, Ad.",33&deg 3' 55'' S,330,2023,10,4,7.0,20.3
330007,"Rodelillo, Ad.",33&deg 3' 55'' S,330,2023,10,5,6.7,17.0
330007,"Rodelillo, Ad.",33&deg 3' 55'' S,330,2023,10,6,6.7,18.3
330007,"Rodelillo, Ad.",33&deg 3' 55'' S,330,2023,10,7,6.7,19.6
330007,"Rodelillo, Ad.",33&deg 3' 55'' S,330,2023,10,8,6.5,23.9
330007,"Rodelillo, Ad.",33&deg 3' 55'' S,330,2023,10,9,9.3,20.2
330007,"Rodelillo, Ad.",33&deg 3' 55'' S,330,2023,10,10,7.4,16.1
330007,"Rodelillo, Ad.",33&deg 3' 55'' S,330,2023,10,11,-3.0,18.4
330007,"Rodelillo, Ad.",33&deg 3' 55'' S,330,2023,10,12,7.6,23.0
330007,"Rodelillo, Ad.",33&deg 3' 55'' S,330,2023,10,13,9.7,23.9
330007,"Rodelillo, Ad.",33&deg 3' 55'' S,330,2023,10,14,7.4,22.1
330007,"Rodelillo, Ad.",33&deg 3' 55'' S,330,2023,10,15,7.1,21.0
330007,"Rodelillo, Ad.",33&deg 3' 55'' S,330,2023,10,16,6.0,22.3
330007,"Rodelillo, Ad.",33&deg 3' 55'' S,330,2023,10,17,8.9,17.6
330007,"Rodelillo, Ad.",33&deg 3' 55'' S,330,2023,10,18,10.3,17.8
330007,"Rodelillo, Ad.",33&deg 3' 55'' S,330,2023,10,19,8.3,20.7
330007,"Rodelillo, Ad.",33&deg 3' 55'' S,330,2023,10,20,9.5,12.5
330007,"Rodelillo, Ad.",33&deg 3' 55'' S,330,2023,10,21,10.8,15.1
330007,"Rodelillo, Ad.",33&deg 3' 55'' S,330,2023,10,22,10.0,14.4
330007,"Rodelillo, Ad.",33&deg 3' 55'' S,330,2023,10,23,10.3,15.6
330007,"Rodelillo, Ad.",33&deg 3' 55'' S,330,2023,10,24,7.5,20.4
330007,"Rodelillo, Ad.",33&deg 3' 55'' S,330,2023,10,25,7.7,19.8
330007,"Rodelillo, Ad.",33&deg 3' 55'' S,330,2023,10,26,8.6,13.0
330007,"Rodelillo, Ad.",33&deg 3' 55'' S,330,2023,10,27,7.1,15.7
330007,"Rodelillo, Ad.",33&deg 3' 55'' S,330,2023,10,28,8.5,15.0
330007,"Rodelillo, Ad.",33&deg 3' 55'' S,330,2023,10,29,10.0,14.0
330007,"Rodelillo, Ad.",33&deg 3' 55'' S,330,2023,10,30,8.8,18.1
330007,"Rodelillo, Ad.",33&deg 3' 55'' S,330,2023,10,31,7.5,21.1
330019,"Eulogio Sánchez, Tobalaba Ad.",33&deg 27' 19'' S,650,2023,10,1,8.7,13.3
330019,"Eulogio Sánchez, Tobalaba Ad.",33&deg 27' 19'' S,650,2023,10,2,8.4,13.7
330019,"Eulogio Sánchez, Tobalaba Ad.",33&deg 27' 19'' S,650,2023,10,3,8.1,15.5
330019,"Eulogio Sánchez, Tobalaba Ad.",33&deg 27' 19'' S,650,2023,10,4,4.2,20.1
330019,"Eulogio Sánchez, Tobalaba Ad.",33&deg 27' 19'' S,650,2023,10,5,5.8,20.1
330019,"Eulogio Sánchez, Tobalaba Ad.",33&deg 27' 19'' S,650,2023,10,6,6.7,16.9
330019,"Eulogio Sánchez, Tobalaba Ad.",33&deg 27' 19'' S,650,2023,10,7,4.8,21.7
330019,"Eulogio Sánchez, Tobalaba Ad.",33&deg 27' 19'' S,650,2023,10,8,6.7,24.3
330019,"Eulogio Sánchez, Tobalaba Ad.",33&deg 27' 19'' S,650,2023,10,9,9.0,25.9
330019,"Eulogio Sánchez, Tobalaba Ad.",33&deg 27' 19'' S,650,2023,10,10,9.6,18.1
330019,"Eulogio Sánchez, Tobalaba Ad.",33&deg 27' 19'' S,650,2023,10,11,6.3,19.6
330019,"Eulogio Sánchez, Tobalaba Ad.",33&deg 27' 19'' S,650,2023,10,12,5.7,24.8
330019,"Eulogio Sánchez, Tobalaba Ad.",33&deg 27' 19'' S,650,2023,10,13,7.5,25.3
330019,"Eulogio Sánchez, Tobalaba Ad.",33&deg 27' 19'' S,650,2023,10,14,8.0,24.9
330019,"Eulogio Sánchez, Tobalaba Ad.",33&deg 27' 19'' S,650,2023,10,15,7.8,23.4
330019,"Eulogio Sánchez, Tobalaba Ad.",33&deg 27' 19'' S,650,2023,10,16,7.6,22.9
330019,"Eulogio Sánchez, Tobalaba Ad.",33&deg 27' 19'' S,650,2023,10,17,8.5,26.8
330019,"Eulogio Sánchez, Tobalaba Ad.",33&deg 27' 19'' S,650,2023,10,18,9.0,21.5
330019,"Eulogio Sánchez, Tobalaba Ad.",33&deg 27' 19'' S,650,2023,10,19,7.4,26.9
330019,"Eulogio Sánchez, Tobalaba Ad.",33&deg 27' 19'' S,650,2023,10,20,12.9,21.1
330019,"Eulogio Sánchez, Tobalaba Ad.",33&deg 27' 19'' S,650,2023,10,21,10.5,15.6
330019,"Eulogio Sánchez, Tobalaba Ad.",33&deg 27' 19'' S,650,2023,10,22,11.3,22.5
330019,"Eulogio Sánchez, Tobalaba Ad.",33&deg 27' 19'' S,650,2023,10,23,10.9,21.4
330019,"Eulogio Sánchez, Tobalaba Ad.",33&deg 27' 19'' S,650,2023,10,24,9.7,24.0
330019,"Eulogio Sánchez, Tobalaba Ad.",33&deg 27' 19'' S,650,2023,10,25,9.0,24.7
330019,"Eulogio Sánchez, Tobalaba Ad.",33&deg 27' 19'' S,650,2023,10,26,7.4,22.7
330019,"Eulogio Sánchez, Tobalaba Ad.",33&deg 27' 19'' S,650,2023,10,27,6.6,16.4
330019,"Eulogio Sánchez, Tobalaba Ad.",33&deg 27' 19'' S,650,2023,10,28,9.1,16.3
330019,"Eulogio Sánchez, Tobalaba Ad.",33&deg 27' 19'' S,650,2023,10,29,9.2,17.9
330019,"Eulogio Sánchez, Tobalaba Ad.",33&deg 27' 19'' S,650,2023,10,30,8.0,19.8
330019,"Eulogio Sánchez, Tobalaba Ad.",33&deg 27' 19'' S,650,2023,10,31,9.8,22.7
330020,"Quinta Normal, Santiago",33&deg 26' 42'' S,520,2023,10,1,9.5,14.4
330020,"Quinta Normal, Santiago",33&deg 26' 42'' S,520,2023,10,2,9.3,15.9
330020,"Quinta Normal, Santiago",33&deg 26' 42'' S,520,2023,10,3,8.2,17.8
330020,"Quinta Normal, Santiago",33&deg 26' 42'' S,520,2023,10,4,3.9,21.7
330020,"Quinta Normal, Santiago",33&deg 26' 42'' S,520,2023,10,5,4.9,20.5
330020,"Quinta Normal, Santiago",33&deg 26' 42'' S,520,2023,10,6,6.4,17.9
330020,"Quinta Normal, Santiago",33&deg 26' 42'' S,520,2023,10,7,4.7,22.9
330020,"Quinta Normal, Santiago",33&deg 26' 42'' S,520,2023,10,8,6.0,25.9
330020,"Quinta Normal, Santiago",33&deg 26' 42'' S,520,2023,10,9,7.1,26.9
330020,"Quinta Normal, Santiago",33&deg 26' 42'' S,520,2023,10,10,8.5,18.3
330020,"Quinta Normal, Santiago",33&deg 26' 42'' S,520,2023,10,11,6.8,21.0
330020,"Quinta Normal, Santiago",33&deg 26' 42'' S,520,2023,10,12,5.6,24.8
330020,"Quinta Normal, Santiago",33&deg 26' 42'' S,520,2023,10,13,6.6,26.5
330020,"Quinta Normal, Santiago",33&deg 26' 42'' S,520,2023,10,14,7.1,26.5
330020,"Quinta Normal, Santiago",33&deg 26' 42'' S,520,2023,10,15,6.5,24.6
330020,"Quinta Normal, Santiago",33&deg 26' 42'' S,520,2023,10,16,6.6,24.4
330020,"Quinta Normal, Santiago",33&deg 26' 42'' S,520,2023,10,17,7.1,27.9
330020,"Quinta Normal, Santiago",33&deg 26' 42'' S,520,2023,10,18,9.5,22.5
330020,"Quinta Normal, Santiago",33&deg 26' 42'' S,520,2023,10,19,6.7,27.2
330020,"Quinta Normal, Santiago",33&deg 26' 42'' S,520,2023,10,20,12.4,21.5
330020,"Quinta Normal, Santiago",33&deg 26' 42'' S,520,2023,10,21,10.5,16.0
330020,"Quinta Normal, Santiago",33&deg 26' 42'' S,520,2023,10,22,11.5,22.8
330020,"Quinta Normal, Santiago",33&deg 26' 42'' S,520,2023,10,23,10.9,21.9
330020,"Quinta Normal, Santiago",33&deg 26' 42'' S,520,2023,10,24,9.4,25.2
330020,"Quinta Normal, Santiago",33&deg 26' 42'' S,520,2023,10,25,7.7,25.3
330020,"Quinta Normal, Santiago",33&deg 26' 42'' S,520,2023,10,26,6.2,23.0
330020,"Quinta Normal, Santiago",33&deg 26' 42'' S,520,2023,10,27,7.4,17.5
330020,"Quinta Normal, Santiago",33&deg 26' 42'' S,520,2023,10,28,9.2,15.6
330020,"Quinta Normal, Santiago",33&deg 26' 42'' S,520,2023,10,29,9.2,19.9
330020,"Quinta Normal, Santiago",33&deg 26' 42'' S,520,2023,10,30,7.7,19.7
330020,"Quinta Normal, Santiago",33&deg 26' 42'' S,520,2023,10,31,9.6,23.8
330021,Pudahuel Santiago ,33&deg 22' 42'' S,474,2023,10,1,8.8,13.7
330021,Pudahuel Santiago ,33&deg 22' 42'' S,474,2023,10,2,9.3,15.8
330021,Pudahuel Santiago ,33&deg 22' 42'' S,474,2023,10,3,8.4,17.1
330021,Pudahuel Santiago ,33&deg 22' 42'' S,474,2023,10,4,3.4,21.0
330021,Pudahuel Santiago ,33&deg 22' 42'' S,474,2023,10,5,3.9,19.8
330021,Pudahuel Santiago ,33&deg 22' 42'' S,474,2023,10,6,6.9,17.9
330021,Pudahuel Santiago ,33&deg 22' 42'' S,474,2023,10,7,3.5,22.6
330021,Pudahuel Santiago ,33&deg 22' 42'' S,474,2023,10,8,5.0,25.6
330021,Pudahuel Santiago ,33&deg 22' 42'' S,474,2023,10,9,6.4,27.2
330021,Pudahuel Santiago ,33&deg 22' 42'' S,474,2023,10,10,8.1,18.3
330021,Pudahuel Santiago ,33&deg 22' 42'' S,474,2023,10,11,5.3,20.8
330021,Pudahuel Santiago ,33&deg 22' 42'' S,474,2023,10,12,4.7,24.4
330021,Pudahuel Santiago ,33&deg 22' 42'' S,474,2023,10,13,6.1,26.7
330021,Pudahuel Santiago ,33&deg 22' 42'' S,474,2023,10,14,6.1,26.0
330021,Pudahuel Santiago ,33&deg 22' 42'' S,474,2023,10,15,6.2,24.1
330021,Pudahuel Santiago ,33&deg 22' 42'' S,474,2023,10,16,5.9,24.1
330021,Pudahuel Santiago ,33&deg 22' 42'' S,474,2023,10,17,6.0,28.1
330021,Pudahuel Santiago ,33&deg 22' 42'' S,474,2023,10,18,9.4,21.9
330021,Pudahuel Santiago ,33&deg 22' 42'' S,474,2023,10,19,5.3,27.7
330021,Pudahuel Santiago ,33&deg 22' 42'' S,474,2023,10,20,11.6,21.9
330021,Pudahuel Santiago ,33&deg 22' 42'' S,474,2023,10,21,10.6,16.7
330021,Pudahuel Santiago ,33&deg 22' 42'' S,474,2023,10,22,11.3,23.0
330021,Pudahuel Santiago ,33&deg 22' 42'' S,474,2023,10,23,11.1,21.8
330021,Pudahuel Santiago ,33&deg 22' 42'' S,474,2023,10,24,9.7,25.4
330021,Pudahuel Santiago ,33&deg 22' 42'' S,474,2023,10,25,7.4,26.4
330021,Pudahuel Santiago ,33&deg 22' 42'' S,474,2023,10,26,5.2,23.4
330021,Pudahuel Santiago ,33&deg 22' 42'' S,474,2023,10,27,6.7,16.9
330021,Pudahuel Santiago ,33&deg 22' 42'' S,474,2023,10,28,8.7,15.7
330021,Pudahuel Santiago ,33&deg 22' 42'' S,474,2023,10,29,9.6,22.3
330021,Pudahuel Santiago ,33&deg 22' 42'' S,474,2023,10,30,9.2,20.0
330021,Pudahuel Santiago ,33&deg 22' 42'' S,474,2023,10,31,9.8,24.0
330030,"Santo Domingo, Ad.",33&deg 39' 22'' S,77,2023,10,1,11.0,13.1
330030,"Santo Domingo, Ad.",33&deg 39' 22'' S,77,2023,10,2,10.3,16.7
330030,"Santo Domingo, Ad.",33&deg 39' 22'' S,77,2023,10,3,4.3,15.7
330030,"Santo Domingo, Ad.",33&deg 39' 22'' S,77,2023,10,4,3.5,16.0
330030,"Santo Domingo, Ad.",33&deg 39' 22'' S,77,2023,10,5,6.3,14.6
330030,"Santo Domingo, Ad.",33&deg 39' 22'' S,77,2023,10,6,5.9,15.4
330030,"Santo Domingo, Ad.",33&deg 39' 22'' S,77,2023,10,7,4.0,16.7
330030,"Santo Domingo, Ad.",33&deg 39' 22'' S,77,2023,10,8,3.7,17.4
330030,"Santo Domingo, Ad.",33&deg 39' 22'' S,77,2023,10,9,4.2,16.5
330030,"Santo Domingo, Ad.",33&deg 39' 22'' S,77,2023,10,10,10.3,13.2
330030,"Santo Domingo, Ad.",33&deg 39' 22'' S,77,2023,10,11,3.9,15.9
330030,"Santo Domingo, Ad.",33&deg 39' 22'' S,77,2023,10,12,3.2,17.5
330030,"Santo Domingo, Ad.",33&deg 39' 22'' S,77,2023,10,13,4.3,17.3
330030,"Santo Domingo, Ad.",33&deg 39' 22'' S,77,2023,10,14,4.7,15.0
330030,"Santo Domingo, Ad.",33&deg 39' 22'' S,77,2023,10,15,5.0,16.9
330030,"Santo Domingo, Ad.",33&deg 39' 22'' S,77,2023,10,16,3.4,16.5
330030,"Santo Domingo, Ad.",33&deg 39' 22'' S,77,2023,10,17,4.4,16.4
330030,"Santo Domingo, Ad.",33&deg 39' 22'' S,77,2023,10,18,11.9,17.3
330030,"Santo Domingo, Ad.",33&deg 39' 22'' S,77,2023,10,19,5.0,18.6
330030,"Santo Domingo, Ad.",33&deg 39' 22'' S,77,2023,10,20,11.7,15.1
330030,"Santo Domingo, Ad.",33&deg 39' 22'' S,77,2023,10,21,12.3,15.8
330030,"Santo Domingo, Ad.",33&deg 39' 22'' S,77,2023,10,22,10.5,14.0
330030,"Santo Domingo, Ad.",33&deg 39' 22'' S,77,2023,10,23,10.8,15.8
330030,"Santo Domingo, Ad.",33&deg 39' 22'' S,77,2023,10,24,4.8,16.2
330030,"Santo Domingo, Ad.",33&deg 39' 22'' S,77,2023,10,25,5.3,16.4
330030,"Santo Domingo, Ad.",33&deg 39' 22'' S,77,2023,10,26,8.5,15.1
330030,"Santo Domingo, Ad.",33&deg 39' 22'' S,77,2023,10,27,8.8,15.7
330030,"Santo Domingo, Ad.",33&deg 39' 22'' S,77,2023,10,28,8.4,15.1
330030,"Santo Domingo, Ad.",33&deg 39' 22'' S,77,2023,10,29,11.7,15.8
330030,"Santo Domingo, Ad.",33&deg 39' 22'' S,77,2023,10,30,9.5,16.5
330030,"Santo Domingo, Ad.",33&deg 39' 22'' S,77,2023,10,31,8.5,16.6
330031,"Juan Fernández, Estación Meteorológica.",33&deg 38' 9'' S,40,2023,10,1,9.5,15.8
330031,"Juan Fernández, Estación Meteorológica.",33&deg 38' 9'' S,40,2023,10,2,10.1,14.6
330031,"Juan Fernández, Estación Meteorológica.",33&deg 38' 9'' S,40,2023,10,3,7.9,17.1
330031,"Juan Fernández, Estación Meteorológica.",33&deg 38' 9'' S,40,2023,10,4,9.6,16.7
330031,"Juan Fernández, Estación Meteorológica.",33&deg 38' 9'' S,40,2023,10,5,8.8,15.8
330031,"Juan Fernández, Estación Meteorológica.",33&deg 38' 9'' S,40,2023,10,6,8.7,17.0
330031,"Juan Fernández, Estación Meteorológica.",33&deg 38' 9'' S,40,2023,10,7,9.7,14.6
330031,"Juan Fernández, Estación Meteorológica.",33&deg 38' 9'' S,40,2023,10,8,11.2,14.6
330031,"Juan Fernández, Estación Meteorológica.",33&deg 38' 9'' S,40,2023,10,9,10.9,14.3
330031,"Juan Fernández, Estación Meteorológica.",33&deg 38' 9'' S,40,2023,10,10,10.4,14.9
330031,"Juan Fernández, Estación Meteorológica.",33&deg 38' 9'' S,40,2023,10,11,10.5,13.8
330031,"Juan Fernández, Estación Meteorológica.",33&deg 38' 9'' S,40,2023,10,12,9.9,13.8
330031,"Juan Fernández, Estación Meteorológica.",33&deg 38' 9'' S,40,2023,10,13,10.2,14.1
330031,"Juan Fernández, Estación Meteorológica.",33&deg 38' 9'' S,40,2023,10,14,10.1,13.9
330031,"Juan Fernández, Estación Meteorológica.",33&deg 38' 9'' S,40,2023,10,15,10.8,14.4
330031,"Juan Fernández, Estación Meteorológica.",33&deg 38' 9'' S,40,2023,10,16,10.5,14.3
330031,"Juan Fernández, Estación Meteorológica.",33&deg 38' 9'' S,40,2023,10,17,10.5,14.0
330031,"Juan Fernández, Estación Meteorológica.",33&deg 38' 9'' S,40,2023,10,18,10.1,15.0
330031,"Juan Fernández, Estación Meteorológica.",33&deg 38' 9'' S,40,2023,10,19,10.3,15.3
330031,"Juan Fernández, Estación Meteorológica.",33&deg 38' 9'' S,40,2023,10,20,11.7,16.4
330031,"Juan Fernández, Estación Meteorológica.",33&deg 38' 9'' S,40,2023,10,21,11.7,13.2
330031,"Juan Fernández, Estación Meteorológica.",33&deg 38' 9'' S,40,2023,10,22,10.8,13.1
330031,"Juan Fernández, Estación Meteorológica.",33&deg 38' 9'' S,40,2023,10,23,10.5,14.7
330031,"Juan Fernández, Estación Meteorológica.",33&deg 38' 9'' S,40,2023,10,24,10.5,15.0
330031,"Juan Fernández, Estación Meteorológica.",33&deg 38' 9'' S,40,2023,10,25,11.7,14.4
330031,"Juan Fernández, Estación Meteorológica.",33&deg 38' 9'' S,40,2023,10,26,12.0,17.4
330031,"Juan Fernández, Estación Meteorológica.",33&deg 38' 9'' S,40,2023,10,27,10.5,15.3
330031,"Juan Fernández, Estación Meteorológica.",33&deg 38' 9'' S,40,2023,10,28,13.4,17.7
330031,"Juan Fernández, Estación Meteorológica.",33&deg 38' 9'' S,40,2023,10,29,10.6,15.1
330031,"Juan Fernández, Estación Meteorológica.",33&deg 38' 9'' S,40,2023,10,30,9.4,14.9
330031,"Juan Fernández, Estación Meteorológica.",33&deg 38' 9'' S,40,2023,10,31,8.6,15.9
340031,"General Freire, Curicó Ad.",34&deg 58' 10'' S,229,2023,10,1,10.9,13.6
340031,"General Freire, Curicó Ad.",34&deg 58' 10'' S,229,2023,10,2,10.4,16.6
340031,"General Freire, Curicó Ad.",34&deg 58' 10'' S,229,2023,10,3,7.7,17.9
340031,"General Freire, Curicó Ad.",34&deg 58' 10'' S,229,2023,10,4,6.0,20.0
340031,"General Freire, Curicó Ad.",34&deg 58' 10'' S,229,2023,10,5,4.2,20.8
340031,"General Freire, Curicó Ad.",34&deg 58' 10'' S,229,2023,10,6,5.7,19.0
340031,"General Freire, Curicó Ad.",34&deg 58' 10'' S,229,2023,10,7,4.9,21.1
340031,"General Freire, Curicó Ad.",34&deg 58' 10'' S,229,2023,10,8,5.8,21.6
340031,"General Freire, Curicó Ad.",34&deg 58' 10'' S,229,2023,10,9,5.7,22.9
340031,"General Freire, Curicó Ad.",34&deg 58' 10'' S,229,2023,10,10,7.7,20.2
340031,"General Freire, Curicó Ad.",34&deg 58' 10'' S,229,2023,10,11,7.4,20.1
340031,"General Freire, Curicó Ad.",34&deg 58' 10'' S,229,2023,10,12,6.4,22.6
340031,"General Freire, Curicó Ad.",34&deg 58' 10'' S,229,2023,10,13,6.7,23.2
340031,"General Freire, Curicó Ad.",34&deg 58' 10'' S,229,2023,10,14,7.4,24.2
340031,"General Freire, Curicó Ad.",34&deg 58' 10'' S,229,2023,10,15,7.9,22.1
340031,"General Freire, Curicó Ad.",34&deg 58' 10'' S,229,2023,10,16,6.6,21.6
340031,"General Freire, Curicó Ad.",34&deg 58' 10'' S,229,2023,10,17,6.6,27.8
340031,"General Freire, Curicó Ad.",34&deg 58' 10'' S,229,2023,10,18,10.5,21.1
340031,"General Freire, Curicó Ad.",34&deg 58' 10'' S,229,2023,10,19,6.5,24.4
340031,"General Freire, Curicó Ad.",34&deg 58' 10'' S,229,2023,10,20,12.5,20.8
340031,"General Freire, Curicó Ad.",34&deg 58' 10'' S,229,2023,10,21,12.3,19.3
340031,"General Freire, Curicó Ad.",34&deg 58' 10'' S,229,2023,10,22,12.3,20.8
340031,"General Freire, Curicó Ad.",34&deg 58' 10'' S,229,2023,10,23,11.6,18.3
340031,"General Freire, Curicó Ad.",34&deg 58' 10'' S,229,2023,10,24,8.3,21.1
340031,"General Freire, Curicó Ad.",34&deg 58' 10'' S,229,2023,10,25,8.0,24.4
340031,"General Freire, Curicó Ad.",34&deg 58' 10'' S,229,2023,10,26,7.6,24.5
340031,"General Freire, Curicó Ad.",34&deg 58' 10'' S,229,2023,10,27,8.7,14.8
340031,"General Freire, Curicó Ad.",34&deg 58' 10'' S,229,2023,10,28,10.4,13.7
340031,"General Freire, Curicó Ad.",34&deg 58' 10'' S,229,2023,10,29,10.0,13.8
340031,"General Freire, Curicó Ad.",34&deg 58' 10'' S,229,2023,10,30,6.9,14.6
340031,"General Freire, Curicó Ad.",34&deg 58' 10'' S,229,2023,10,31,7.3,19.5
360011,"General Bernardo O'Higgins, Chillán Ad.",36&deg 35' 9'' S,155,2023,10,1,6.0,12.5
360011,"General Bernardo O'Higgins, Chillán Ad.",36&deg 35' 9'' S,155,2023,10,2,4.5,16.6
360011,"General Bernardo O'Higgins, Chillán Ad.",36&deg 35' 9'' S,155,2023,10,3,6.3,16.9
360011,"General Bernardo O'Higgins, Chillán Ad.",36&deg 35' 9'' S,155,2023,10,4,3.7,19.1
360011,"General Bernardo O'Higgins, Chillán Ad.",36&deg 35' 9'' S,155,2023,10,5,1.6,18.8
360011,"General Bernardo O'Higgins, Chillán Ad.",36&deg 35' 9'' S,155,2023,10,6,1.8,17.3
360011,"General Bernardo O'Higgins, Chillán Ad.",36&deg 35' 9'' S,155,2023,10,7,4.1,19.1
360011,"General Bernardo O'Higgins, Chillán Ad.",36&deg 35' 9'' S,155,2023,10,8,2.7,20.1
360011,"General Bernardo O'Higgins, Chillán Ad.",36&deg 35' 9'' S,155,2023,10,9,3.8,21.2
360011,"General Bernardo O'Higgins, Chillán Ad.",36&deg 35' 9'' S,155,2023,10,10,3.8,17.7
360011,"General Bernardo O'Higgins, Chillán Ad.",36&deg 35' 9'' S,155,2023,10,11,4.0,21.1
360011,"General Bernardo O'Higgins, Chillán Ad.",36&deg 35' 9'' S,155,2023,10,12,4.9,21.4
360011,"General Bernardo O'Higgins, Chillán Ad.",36&deg 35' 9'' S,155,2023,10,13,4.7,21.8
360011,"General Bernardo O'Higgins, Chillán Ad.",36&deg 35' 9'' S,155,2023,10,14,5.6,22.0
360011,"General Bernardo O'Higgins, Chillán Ad.",36&deg 35' 9'' S,155,2023,10,15,6.7,18.5
360011,"General Bernardo O'Higgins, Chillán Ad.",36&deg 35' 9'' S,155,2023,10,16,4.4,20.6
360011,"General Bernardo O'Higgins, Chillán Ad.",36&deg 35' 9'' S,155,2023,10,17,5.3,25.9
360011,"General Bernardo O'Higgins, Chillán Ad.",36&deg 35' 9'' S,155,2023,10,18,7.8,20.0
360011,"General Bernardo O'Higgins, Chillán Ad.",36&deg 35' 9'' S,155,2023,10,19,4.8,23.7
360011,"General Bernardo O'Higgins, Chillán Ad.",36&deg 35' 9'' S,155,2023,10,20,10.8,20.8
360011,"General Bernardo O'Higgins, Chillán Ad.",36&deg 35' 9'' S,155,2023,10,21,7.2,23.5
360011,"General Bernardo O'Higgins, Chillán Ad.",36&deg 35' 9'' S,155,2023,10,22,8.2,23.8
360011,"General Bernardo O'Higgins, Chillán Ad.",36&deg 35' 9'' S,155,2023,10,23,5.7,17.9
360011,"General Bernardo O'Higgins, Chillán Ad.",36&deg 35' 9'' S,155,2023,10,24,5.9,22.7
360011,"General Bernardo O'Higgins, Chillán Ad.",36&deg 35' 9'' S,155,2023,10,25,8.0,24.2
360011,"General Bernardo O'Higgins, Chillán Ad.",36&deg 35' 9'' S,155,2023,10,26,7.1,22.5
360011,"General Bernardo O'Higgins, Chillán Ad.",36&deg 35' 9'' S,155,2023,10,27,4.8,17.0
360011,"General Bernardo O'Higgins, Chillán Ad.",36&deg 35' 9'' S,155,2023,10,28,9.9,12.6
360011,"General Bernardo O'Higgins, Chillán Ad.",36&deg 35' 9'' S,155,2023,10,29,7.1,14.1
360011,"General Bernardo O'Higgins, Chillán Ad.",36&deg 35' 9'' S,155,2023,10,30,4.0,15.7
360011,"General Bernardo O'Higgins, Chillán Ad.",36&deg 35' 9'' S,155,2023,10,31,2.5,17.4
360019,"Carriel Sur, Concepción Ap.",36&deg 46' 50'' S,13,2023,10,1,10.8,13.4
360019,"Carriel Sur, Concepción Ap.",36&deg 46' 50'' S,13,2023,10,2,7.6,14.5
360019,"Carriel Sur, Concepción Ap.",36&deg 46' 50'' S,13,2023,10,3,7.1,15.0
360019,"Carriel Sur, Concepción Ap.",36&deg 46' 50'' S,13,2023,10,4,6.2,16.4
360019,"Carriel Sur, Concepción Ap.",36&deg 46' 50'' S,13,2023,10,5,4.9,15.9
360019,"Carriel Sur, Concepción Ap.",36&deg 46' 50'' S,13,2023,10,6,7.5,16.0
360019,"Carriel Sur, Concepción Ap.",36&deg 46' 50'' S,13,2023,10,7,4.0,15.5
360019,"Carriel Sur, Concepción Ap.",36&deg 46' 50'' S,13,2023,10,8,4.7,15.6
360019,"Carriel Sur, Concepción Ap.",36&deg 46' 50'' S,13,2023,10,9,4.9,16.0
360019,"Carriel Sur, Concepción Ap.",36&deg 46' 50'' S,13,2023,10,10,5.6,16.4
360019,"Carriel Sur, Concepción Ap.",36&deg 46' 50'' S,13,2023,10,11,5.5,18.3
360019,"Carriel Sur, Concepción Ap.",36&deg 46' 50'' S,13,2023,10,12,4.1,17.3
360019,"Carriel Sur, Concepción Ap.",36&deg 46' 50'' S,13,2023,10,13,5.7,17.8
360019,"Carriel Sur, Concepción Ap.",36&deg 46' 50'' S,13,2023,10,14,6.1,17.8
360019,"Carriel Sur, Concepción Ap.",36&deg 46' 50'' S,13,2023,10,15,6.0,16.2
360019,"Carriel Sur, Concepción Ap.",36&deg 46' 50'' S,13,2023,10,16,4.5,17.7
360019,"Carriel Sur, Concepción Ap.",36&deg 46' 50'' S,13,2023,10,17,6.2,22.4
360019,"Carriel Sur, Concepción Ap.",36&deg 46' 50'' S,13,2023,10,18,10.0,17.0
360019,"Carriel Sur, Concepción Ap.",36&deg 46' 50'' S,13,2023,10,19,6.9,19.0
360019,"Carriel Sur, Concepción Ap.",36&deg 46' 50'' S,13,2023,10,20,10.0,20.9
360019,"Carriel Sur, Concepción Ap.",36&deg 46' 50'' S,13,2023,10,21,9.1,16.9
360019,"Carriel Sur, Concepción Ap.",36&deg 46' 50'' S,13,2023,10,22,8.4,18.5
360019,"Carriel Sur, Concepción Ap.",36&deg 46' 50'' S,13,2023,10,23,7.7,16.6
360019,"Carriel Sur, Concepción Ap.",36&deg 46' 50'' S,13,2023,10,24,6.8,18.5
360019,"Carriel Sur, Concepción Ap.",36&deg 46' 50'' S,13,2023,10,25,7.0,19.5
360019,"Carriel Sur, Concepción Ap.",36&deg 46' 50'' S,13,2023,10,26,7.7,18.9
360019,"Carriel Sur, Concepción Ap.",36&deg 46' 50'' S,13,2023,10,27,9.2,13.6
360019,"Carriel Sur, Concepción Ap.",36&deg 46' 50'' S,13,2023,10,28,11.6,15.2
360019,"Carriel Sur, Concepción Ap.",36&deg 46' 50'' S,13,2023,10,29,8.3,13.6
360019,"Carriel Sur, Concepción Ap.",36&deg 46' 50'' S,13,2023,10,30,3.4,13.6
360019,"Carriel Sur, Concepción Ap.",36&deg 46' 50'' S,13,2023,10,31,4.5,15.0
370033,"María Dolores, Los Angeles Ad.",37&deg 23' 49'' S,118,2023,10,1,5.3,13.5
370033,"María Dolores, Los Angeles Ad.",37&deg 23' 49'' S,118,2023,10,2,6.6,15.8
370033,"María Dolores, Los Angeles Ad.",37&deg 23' 49'' S,118,2023,10,3,2.9,17.3
370033,"María Dolores, Los Angeles Ad.",37&deg 23' 49'' S,118,2023,10,4,4.7,19.6
370033,"María Dolores, Los Angeles Ad.",37&deg 23' 49'' S,118,2023,10,5,0.2,19.4
370033,"María Dolores, Los Angeles Ad.",37&deg 23' 49'' S,118,2023,10,6,1.1,15.8
370033,"María Dolores, Los Angeles Ad.",37&deg 23' 49'' S,118,2023,10,7,0.5,18.3
370033,"María Dolores, Los Angeles Ad.",37&deg 23' 49'' S,118,2023,10,8,-1.2,18.9
370033,"María Dolores, Los Angeles Ad.",37&deg 23' 49'' S,118,2023,10,9,6.1,20.1
370033,"María Dolores, Los Angeles Ad.",37&deg 23' 49'' S,118,2023,10,10,4.8,18.0
370033,"María Dolores, Los Angeles Ad.",37&deg 23' 49'' S,118,2023,10,11,4.7,20.7
370033,"María Dolores, Los Angeles Ad.",37&deg 23' 49'' S,118,2023,10,12,6.0,20.0
370033,"María Dolores, Los Angeles Ad.",37&deg 23' 49'' S,118,2023,10,13,6.1,21.0
370033,"María Dolores, Los Angeles Ad.",37&deg 23' 49'' S,118,2023,10,14,6.1,20.8
370033,"María Dolores, Los Angeles Ad.",37&deg 23' 49'' S,118,2023,10,15,6.1,18.4
370033,"María Dolores, Los Angeles Ad.",37&deg 23' 49'' S,118,2023,10,16,5.0,19.8
370033,"María Dolores, Los Angeles Ad.",37&deg 23' 49'' S,118,2023,10,17,7.3,28.1
370033,"María Dolores, Los Angeles Ad.",37&deg 23' 49'' S,118,2023,10,18,5.2,20.3
370033,"María Dolores, Los Angeles Ad.",37&deg 23' 49'' S,118,2023,10,19,1.5,23.5
370033,"María Dolores, Los Angeles Ad.",37&deg 23' 49'' S,118,2023,10,20,10.8,23.9
370033,"María Dolores, Los Angeles Ad.",37&deg 23' 49'' S,118,2023,10,21,9.8,25.6
370033,"María Dolores, Los Angeles Ad.",37&deg 23' 49'' S,118,2023,10,22,9.2,26.0
370033,"María Dolores, Los Angeles Ad.",37&deg 23' 49'' S,118,2023,10,23,3.1,21.2
370033,"María Dolores, Los Angeles Ad.",37&deg 23' 49'' S,118,2023,10,24,7.2,21.5
370033,"María Dolores, Los Angeles Ad.",37&deg 23' 49'' S,118,2023,10,25,6.9,23.4
370033,"María Dolores, Los Angeles Ad.",37&deg 23' 49'' S,118,2023,10,26,8.5,21.8
370033,"María Dolores, Los Angeles Ad.",37&deg 23' 49'' S,118,2023,10,27,2.9,15.7
370033,"María Dolores, Los Angeles Ad.",37&deg 23' 49'' S,118,2023,10,28,8.8,15.2
370033,"María Dolores, Los Angeles Ad.",37&deg 23' 49'' S,118,2023,10,29,6.1,12.5
370033,"María Dolores, Los Angeles Ad.",37&deg 23' 49'' S,118,2023,10,30,-2.0,16.6
370033,"María Dolores, Los Angeles Ad.",37&deg 23' 49'' S,118,2023,10,31,2.9,16.9
380013,"Maquehue, Temuco Ad.",38&deg 46' 4'' S,86,2023,10,1,8.7,14.9
380013,"Maquehue, Temuco Ad.",38&deg 46' 4'' S,86,2023,10,2,6.5,14.9
380013,"Maquehue, Temuco Ad.",38&deg 46' 4'' S,86,2023,10,3,2.6,16.8
380013,"Maquehue, Temuco Ad.",38&deg 46' 4'' S,86,2023,10,4,-0.5,18.7
380013,"Maquehue, Temuco Ad.",38&deg 46' 4'' S,86,2023,10,5,4.4,16.6
380013,"Maquehue, Temuco Ad.",38&deg 46' 4'' S,86,2023,10,6,5.9,14.5
380013,"Maquehue, Temuco Ad.",38&deg 46' 4'' S,86,2023,10,7,-0.2,14.4
380013,"Maquehue, Temuco Ad.",38&deg 46' 4'' S,86,2023,10,8,-0.2,15.8
380013,"Maquehue, Temuco Ad.",38&deg 46' 4'' S,86,2023,10,9,3.1,15.8
380013,"Maquehue, Temuco Ad.",38&deg 46' 4'' S,86,2023,10,10,5.3,12.1
380013,"Maquehue, Temuco Ad.",38&deg 46' 4'' S,86,2023,10,11,-2.4,18.5
380013,"Maquehue, Temuco Ad.",38&deg 46' 4'' S,86,2023,10,12,-0.2,16.9
380013,"Maquehue, Temuco Ad.",38&deg 46' 4'' S,86,2023,10,13,-0.4,18.3
380013,"Maquehue, Temuco Ad.",38&deg 46' 4'' S,86,2023,10,14,0.7,17.7
380013,"Maquehue, Temuco Ad.",38&deg 46' 4'' S,86,2023,10,15,6.1,8.7
380013,"Maquehue, Temuco Ad.",38&deg 46' 4'' S,86,2023,10,16,0.6,17.7
380013,"Maquehue, Temuco Ad.",38&deg 46' 4'' S,86,2023,10,17,-0.1,26.4
380013,"Maquehue, Temuco Ad.",38&deg 46' 4'' S,86,2023,10,18,3.8,20.5
380013,"Maquehue, Temuco Ad.",38&deg 46' 4'' S,86,2023,10,19,5.0,19.2
380013,"Maquehue, Temuco Ad.",38&deg 46' 4'' S,86,2023,10,20,9.6,20.0
380013,"Maquehue, Temuco Ad.",38&deg 46' 4'' S,86,2023,10,21,4.5,19.9
380013,"Maquehue, Temuco Ad.",38&deg 46' 4'' S,86,2023,10,22,2.8,19.1
380013,"Maquehue, Temuco Ad.",38&deg 46' 4'' S,86,2023,10,23,8.0,14.0
380013,"Maquehue, Temuco Ad.",38&deg 46' 4'' S,86,2023,10,24,4.2,16.7
380013,"Maquehue, Temuco Ad.",38&deg 46' 4'' S,86,2023,10,25,0.4,20.5
380013,"Maquehue, Temuco Ad.",38&deg 46' 4'' S,86,2023,10,26,2.3,18.7
380013,"Maquehue, Temuco Ad.",38&deg 46' 4'' S,86,2023,10,27,5.7,14.9
380013,"Maquehue, Temuco Ad.",38&deg 46' 4'' S,86,2023,10,28,7.6,13.9
380013,"Maquehue, Temuco Ad.",38&deg 46' 4'' S,86,2023,10,29,4.3,11.2
380013,"Maquehue, Temuco Ad.",38&deg 46' 4'' S,86,2023,10,30,1.9,12.4
380013,"Maquehue, Temuco Ad.",38&deg 46' 4'' S,86,2023,10,31,-0.7,16.7
390006,"Pichoy, Valdivia Ad.",39&deg 39' 24'' S,18,2023,10,1,5.0,14.4
390006,"Pichoy, Valdivia Ad.",39&deg 39' 24'' S,18,2023,10,2,7.0,14.3
390006,"Pichoy, Valdivia Ad.",39&deg 39' 24'' S,18,2023,10,3,0.0,16.1
390006,"Pichoy, Valdivia Ad.",39&deg 39' 24'' S,18,2023,10,4,0.6,18.4
390006,"Pichoy, Valdivia Ad.",39&deg 39' 24'' S,18,2023,10,5,4.0,15.3
390006,"Pichoy, Valdivia Ad.",39&deg 39' 24'' S,18,2023,10,6,8.0,14.8
390006,"Pichoy, Valdivia Ad.",39&deg 39' 24'' S,18,2023,10,7,1.1,13.2
390006,"Pichoy, Valdivia Ad.",39&deg 39' 24'' S,18,2023,10,8,0.5,15.2
390006,"Pichoy, Valdivia Ad.",39&deg 39' 24'' S,18,2023,10,9,6.4,15.2
390006,"Pichoy, Valdivia Ad.",39&deg 39' 24'' S,18,2023,10,10,6.6,14.1
390006,"Pichoy, Valdivia Ad.",39&deg 39' 24'' S,18,2023,10,11,0.3,17.4
390006,"Pichoy, Valdivia Ad.",39&deg 39' 24'' S,18,2023,10,12,7.0,17.0
390006,"Pichoy, Valdivia Ad.",39&deg 39' 24'' S,18,2023,10,13,1.1,17.7
390006,"Pichoy, Valdivia Ad.",39&deg 39' 24'' S,18,2023,10,14,1.9,18.0
390006,"Pichoy, Valdivia Ad.",39&deg 39' 24'' S,18,2023,10,15,4.9,14.5
390006,"Pichoy, Valdivia Ad.",39&deg 39' 24'' S,18,2023,10,16,-0.4,17.9
390006,"Pichoy, Valdivia Ad.",39&deg 39' 24'' S,18,2023,10,17,2.7,23.2
390006,"Pichoy, Valdivia Ad.",39&deg 39' 24'' S,18,2023,10,18,2.8,17.5
390006,"Pichoy, Valdivia Ad.",39&deg 39' 24'' S,18,2023,10,19,8.3,19.7
390006,"Pichoy, Valdivia Ad.",39&deg 39' 24'' S,18,2023,10,20,5.7,20.2
390006,"Pichoy, Valdivia Ad.",39&deg 39' 24'' S,18,2023,10,21,4.8,18.3
390006,"Pichoy, Valdivia Ad.",39&deg 39' 24'' S,18,2023,10,22,1.1,20.6
390006,"Pichoy, Valdivia Ad.",39&deg 39' 24'' S,18,2023,10,23,3.1,19.0
390006,"Pichoy, Valdivia Ad.",39&deg 39' 24'' S,18,2023,10,24,5.2,18.3
390006,"Pichoy, Valdivia Ad.",39&deg 39' 24'' S,18,2023,10,25,4.9,20.6
390006,"Pichoy, Valdivia Ad.",39&deg 39' 24'' S,18,2023,10,26,6.0,16.6
390006,"Pichoy, Valdivia Ad.",39&deg 39' 24'' S,18,2023,10,27,10.9,12.5
390006,"Pichoy, Valdivia Ad.",39&deg 39' 24'' S,18,2023,10,28,7.8,13.6
390006,"Pichoy, Valdivia Ad.",39&deg 39' 24'' S,18,2023,10,29,5.4,11.1
390006,"Pichoy, Valdivia Ad.",39&deg 39' 24'' S,18,2023,10,30,3.7,12.7
390006,"Pichoy, Valdivia Ad.",39&deg 39' 24'' S,18,2023,10,31,0.1,16.2
400009,"Cañal Bajo,  Osorno Ad.",40&deg 36' 52'' S,61,2023,10,1,6.2,14.5
400009,"Cañal Bajo,  Osorno Ad.",40&deg 36' 52'' S,61,2023,10,2,7.3,14.3
400009,"Cañal Bajo,  Osorno Ad.",40&deg 36' 52'' S,61,2023,10,3,3.5,14.9
400009,"Cañal Bajo,  Osorno Ad.",40&deg 36' 52'' S,61,2023,10,4,0.9,16.7
400009,"Cañal Bajo,  Osorno Ad.",40&deg 36' 52'' S,61,2023,10,5,1.1,13.4
400009,"Cañal Bajo,  Osorno Ad.",40&deg 36' 52'' S,61,2023,10,6,5.7,13.7
400009,"Cañal Bajo,  Osorno Ad.",40&deg 36' 52'' S,61,2023,10,7,3.6,12.5
400009,"Cañal Bajo,  Osorno Ad.",40&deg 36' 52'' S,61,2023,10,8,3.5,15.7
400009,"Cañal Bajo,  Osorno Ad.",40&deg 36' 52'' S,61,2023,10,9,6.2,15.2
400009,"Cañal Bajo,  Osorno Ad.",40&deg 36' 52'' S,61,2023,10,10,6.3,12.1
400009,"Cañal Bajo,  Osorno Ad.",40&deg 36' 52'' S,61,2023,10,11,2.4,14.0
400009,"Cañal Bajo,  Osorno Ad.",40&deg 36' 52'' S,61,2023,10,12,4.9,14.6
400009,"Cañal Bajo,  Osorno Ad.",40&deg 36' 52'' S,61,2023,10,13,0.4,14.5
400009,"Cañal Bajo,  Osorno Ad.",40&deg 36' 52'' S,61,2023,10,14,5.2,15.5
400009,"Cañal Bajo,  Osorno Ad.",40&deg 36' 52'' S,61,2023,10,15,6.7,13.6
400009,"Cañal Bajo,  Osorno Ad.",40&deg 36' 52'' S,61,2023,10,16,5.7,16.1
400009,"Cañal Bajo,  Osorno Ad.",40&deg 36' 52'' S,61,2023,10,17,6.3,20.2
400009,"Cañal Bajo,  Osorno Ad.",40&deg 36' 52'' S,61,2023,10,18,2.7,21.7
400009,"Cañal Bajo,  Osorno Ad.",40&deg 36' 52'' S,61,2023,10,19,7.3,20.7
400009,"Cañal Bajo,  Osorno Ad.",40&deg 36' 52'' S,61,2023,10,20,5.7,17.1
400009,"Cañal Bajo,  Osorno Ad.",40&deg 36' 52'' S,61,2023,10,21,6.5,17.9
400009,"Cañal Bajo,  Osorno Ad.",40&deg 36' 52'' S,61,2023,10,22,2.8,18.5
400009,"Cañal Bajo,  Osorno Ad.",40&deg 36' 52'' S,61,2023,10,23,1.0,20.1
400009,"Cañal Bajo,  Osorno Ad.",40&deg 36' 52'' S,61,2023,10,24,6.4,17.8
400009,"Cañal Bajo,  Osorno Ad.",40&deg 36' 52'' S,61,2023,10,25,5.8,18.9
400009,"Cañal Bajo,  Osorno Ad.",40&deg 36' 52'' S,61,2023,10,26,3.5,18.3
400009,"Cañal Bajo,  Osorno Ad.",40&deg 36' 52'' S,61,2023,10,27,11.1,16.5
400009,"Cañal Bajo,  Osorno Ad.",40&deg 36' 52'' S,61,2023,10,28,5.5,13.3
400009,"Cañal Bajo,  Osorno Ad.",40&deg 36' 52'' S,61,2023,10,29,4.1,11.0
400009,"Cañal Bajo,  Osorno Ad.",40&deg 36' 52'' S,61,2023,10,30,5.0,12.2
400009,"Cañal Bajo,  Osorno Ad.",40&deg 36' 52'' S,61,2023,10,31,-0.9,15.6
410005,El Tepual  Puerto Montt Ap.,41&deg 26' 51'' S,87,2023,10,1,2.5,13.4
410005,El Tepual  Puerto Montt Ap.,41&deg 26' 51'' S,87,2023,10,2,6.0,10.6
410005,El Tepual  Puerto Montt Ap.,41&deg 26' 51'' S,87,2023,10,3,0.2,14.4
410005,El Tepual  Puerto Montt Ap.,41&deg 26' 51'' S,87,2023,10,4,1.2,14.8
410005,El Tepual  Puerto Montt Ap.,41&deg 26' 51'' S,87,2023,10,5,3.8,12.6
410005,El Tepual  Puerto Montt Ap.,41&deg 26' 51'' S,87,2023,10,6,3.3,13.1
410005,El Tepual  Puerto Montt Ap.,41&deg 26' 51'' S,87,2023,10,7,1.2,12.2
410005,El Tepual  Puerto Montt Ap.,41&deg 26' 51'' S,87,2023,10,8,7.0,13.9
410005,El Tepual  Puerto Montt Ap.,41&deg 26' 51'' S,87,2023,10,9,7.2,13.8
410005,El Tepual  Puerto Montt Ap.,41&deg 26' 51'' S,87,2023,10,10,4.8,11.6
410005,El Tepual  Puerto Montt Ap.,41&deg 26' 51'' S,87,2023,10,11,0.7,12.0
410005,El Tepual  Puerto Montt Ap.,41&deg 26' 51'' S,87,2023,10,12,4.0,12.7
410005,El Tepual  Puerto Montt Ap.,41&deg 26' 51'' S,87,2023,10,13,3.9,13.8
410005,El Tepual  Puerto Montt Ap.,41&deg 26' 51'' S,87,2023,10,14,6.8,14.0
410005,El Tepual  Puerto Montt Ap.,41&deg 26' 51'' S,87,2023,10,15,6.5,13.0
410005,El Tepual  Puerto Montt Ap.,41&deg 26' 51'' S,87,2023,10,16,3.9,13.7
410005,El Tepual  Puerto Montt Ap.,41&deg 26' 51'' S,87,2023,10,17,5.9,16.1
410005,El Tepual  Puerto Montt Ap.,41&deg 26' 51'' S,87,2023,10,18,3.5,20.1
410005,El Tepual  Puerto Montt Ap.,41&deg 26' 51'' S,87,2023,10,19,9.3,18.4
410005,El Tepual  Puerto Montt Ap.,41&deg 26' 51'' S,87,2023,10,20,9.6,14.9
410005,El Tepual  Puerto Montt Ap.,41&deg 26' 51'' S,87,2023,10,21,4.2,15.6
410005,El Tepual  Puerto Montt Ap.,41&deg 26' 51'' S,87,2023,10,22,4.8,15.8
410005,El Tepual  Puerto Montt Ap.,41&deg 26' 51'' S,87,2023,10,23,0.9,16.2
410005,El Tepual  Puerto Montt Ap.,41&deg 26' 51'' S,87,2023,10,24,7.4,15.2
410005,El Tepual  Puerto Montt Ap.,41&deg 26' 51'' S,87,2023,10,25,4.9,16.9
410005,El Tepual  Puerto Montt Ap.,41&deg 26' 51'' S,87,2023,10,26,4.2,15.2
410005,El Tepual  Puerto Montt Ap.,41&deg 26' 51'' S,87,2023,10,27,9.8,16.1
410005,El Tepual  Puerto Montt Ap.,41&deg 26' 51'' S,87,2023,10,28,9.8,12.2
410005,El Tepual  Puerto Montt Ap.,41&deg 26' 51'' S,87,2023,10,29,3.7,9.7
410005,El Tepual  Puerto Montt Ap.,41&deg 26' 51'' S,87,2023,10,30,4.3,11.6
410005,El Tepual  Puerto Montt Ap.,41&deg 26' 51'' S,87,2023,10,31,-0.4,14.1
430002,Futaleufú Ad.,43&deg 11' 20'' S,347,2023,10,1,4.2,13.2
430002,Futaleufú Ad.,43&deg 11' 20'' S,347,2023,10,2,4.5,14.4
430002,Futaleufú Ad.,43&deg 11' 20'' S,347,2023,10,3,-0.6,15.0
430002,Futaleufú Ad.,43&deg 11' 20'' S,347,2023,10,4,0.4,14.8
430002,Futaleufú Ad.,43&deg 11' 20'' S,347,2023,10,5,5.9,13.1
430002,Futaleufú Ad.,43&deg 11' 20'' S,347,2023,10,6,3.0,10.5
430002,Futaleufú Ad.,43&deg 11' 20'' S,347,2023,10,7,5.7,12.6
430002,Futaleufú Ad.,43&deg 11' 20'' S,347,2023,10,8,6.8,11.8
430002,Futaleufú Ad.,43&deg 11' 20'' S,347,2023,10,9,7.0,12.3
430002,Futaleufú Ad.,43&deg 11' 20'' S,347,2023,10,10,3.6,11.9
430002,Futaleufú Ad.,43&deg 11' 20'' S,347,2023,10,11,-1.3,16.4
430002,Futaleufú Ad.,43&deg 11' 20'' S,347,2023,10,12,1.1,17.2
430002,Futaleufú Ad.,43&deg 11' 20'' S,347,2023,10,13,1.7,17.5
430002,Futaleufú Ad.,43&deg 11' 20'' S,347,2023,10,14,4.9,17.1
430002,Futaleufú Ad.,43&deg 11' 20'' S,347,2023,10,15,2.7,14.4
430002,Futaleufú Ad.,43&deg 11' 20'' S,347,2023,10,16,4.1,15.5
430002,Futaleufú Ad.,43&deg 11' 20'' S,347,2023,10,17,0.7,22.7
430002,Futaleufú Ad.,43&deg 11' 20'' S,347,2023,10,18,2.1,25.2
430002,Futaleufú Ad.,43&deg 11' 20'' S,347,2023,10,19,11.0,18.3
430002,Futaleufú Ad.,43&deg 11' 20'' S,347,2023,10,20,5.2,18.8
430002,Futaleufú Ad.,43&deg 11' 20'' S,347,2023,10,21,2.3,20.6
430002,Futaleufú Ad.,43&deg 11' 20'' S,347,2023,10,22,2.6,22.7
430002,Futaleufú Ad.,43&deg 11' 20'' S,347,2023,10,23,5.6,20.3
430002,Futaleufú Ad.,43&deg 11' 20'' S,347,2023,10,24,6.6,18.2
430002,Futaleufú Ad.,43&deg 11' 20'' S,347,2023,10,25,4.1,17.1
430002,Futaleufú Ad.,43&deg 11' 20'' S,347,2023,10,26,8.7,15.2
430002,Futaleufú Ad.,43&deg 11' 20'' S,347,2023,10,27,7.6,12.2
430002,Futaleufú Ad.,43&deg 11' 20'' S,347,2023,10,28,3.2,9.5
430002,Futaleufú Ad.,43&deg 11' 20'' S,347,2023,10,29,0.0,4.9
430002,Futaleufú Ad.,43&deg 11' 20'' S,347,2023,10,30,0.1,9.3
430002,Futaleufú Ad.,43&deg 11' 20'' S,347,2023,10,31,0.4,12.5
430004,Alto Palena Ad.,43&deg 36' 42'' S,256,2023,10,1,3.2,12.0
430004,Alto Palena Ad.,43&deg 36' 42'' S,256,2023,10,2,-0.2,14.3
430004,Alto Palena Ad.,43&deg 36' 42'' S,256,2023,10,3,-1.7,14.6
430004,Alto Palena Ad.,43&deg 36' 42'' S,256,2023,10,4,1.3,14.2
430004,Alto Palena Ad.,43&deg 36' 42'' S,256,2023,10,5,6.7,13.2
430004,Alto Palena Ad.,43&deg 36' 42'' S,256,2023,10,6,4.8,10.4
430004,Alto Palena Ad.,43&deg 36' 42'' S,256,2023,10,7,6.0,11.8
430004,Alto Palena Ad.,43&deg 36' 42'' S,256,2023,10,8,6.1,9.7
430004,Alto Palena Ad.,43&deg 36' 42'' S,256,2023,10,9,4.8,12.6
430004,Alto Palena Ad.,43&deg 36' 42'' S,256,2023,10,10,1.6,11.2
430004,Alto Palena Ad.,43&deg 36' 42'' S,256,2023,10,11,-2.7,15.6
430004,Alto Palena Ad.,43&deg 36' 42'' S,256,2023,10,12,0.0,17.9
430004,Alto Palena Ad.,43&deg 36' 42'' S,256,2023,10,15,2.8,14.2
430004,Alto Palena Ad.,43&deg 36' 42'' S,256,2023,10,16,3.4,15.1
430004,Alto Palena Ad.,43&deg 36' 42'' S,256,2023,10,17,0.4,22.4
430004,Alto Palena Ad.,43&deg 36' 42'' S,256,2023,10,18,2.2,25.5
430004,Alto Palena Ad.,43&deg 36' 42'' S,256,2023,10,19,2.2,18.4
430004,Alto Palena Ad.,43&deg 36' 42'' S,256,2023,10,20,2.9,17.6
430004,Alto Palena Ad.,43&deg 36' 42'' S,256,2023,10,21,0.0,20.2
430004,Alto Palena Ad.,43&deg 36' 42'' S,256,2023,10,22,0.4,22.4
430004,Alto Palena Ad.,43&deg 36' 42'' S,256,2023,10,23,3.2,19.5
430004,Alto Palena Ad.,43&deg 36' 42'' S,256,2023,10,24,8.2,16.4
430004,Alto Palena Ad.,43&deg 36' 42'' S,256,2023,10,25,3.5,15.7
430004,Alto Palena Ad.,43&deg 36' 42'' S,256,2023,10,26,9.3,13.5
430004,Alto Palena Ad.,43&deg 36' 42'' S,256,2023,10,27,7.8,11.1
430004,Alto Palena Ad.,43&deg 36' 42'' S,256,2023,10,28,5.3,5.6
430004,Alto Palena Ad.,43&deg 36' 42'' S,256,2023,10,29,0.0,5.3
430004,Alto Palena Ad.,43&deg 36' 42'' S,256,2023,10,30,0.1,11.9
430004,Alto Palena Ad.,43&deg 36' 42'' S,256,2023,10,31,-0.7,13.7
450001,Puerto Aysén Ad.,45&deg 23' 58'' S,11,2023,10,1,3.9,11.6
450001,Puerto Aysén Ad.,45&deg 23' 58'' S,11,2023,10,2,3.0,12.6
450001,Puerto Aysén Ad.,45&deg 23' 58'' S,11,2023,10,3,5.3,14.2
450001,Puerto Aysén Ad.,45&deg 23' 58'' S,11,2023,10,4,6.7,13.6
450001,Puerto Aysén Ad.,45&deg 23' 58'' S,11,2023,10,5,6.6,10.0
450001,Puerto Aysén Ad.,45&deg 23' 58'' S,11,2023,10,6,3.8,11.0
450001,Puerto Aysén Ad.,45&deg 23' 58'' S,11,2023,10,7,6.3,12.0
450001,Puerto Aysén Ad.,45&deg 23' 58'' S,11,2023,10,8,6.4,11.8
450001,Puerto Aysén Ad.,45&deg 23' 58'' S,11,2023,10,9,5.9,10.6
450001,Puerto Aysén Ad.,45&deg 23' 58'' S,11,2023,10,10,2.1,11.4
450001,Puerto Aysén Ad.,45&deg 23' 58'' S,11,2023,10,11,2.1,13.6
450001,Puerto Aysén Ad.,45&deg 23' 58'' S,11,2023,10,12,5.6,13.9
450001,Puerto Aysén Ad.,45&deg 23' 58'' S,11,2023,10,13,0.8,13.7
450001,Puerto Aysén Ad.,45&deg 23' 58'' S,11,2023,10,14,8.0,14.6
450001,Puerto Aysén Ad.,45&deg 23' 58'' S,11,2023,10,15,7.4,10.6
450001,Puerto Aysén Ad.,45&deg 23' 58'' S,11,2023,10,16,8.5,14.4
450001,Puerto Aysén Ad.,45&deg 23' 58'' S,11,2023,10,17,7.9,17.5
450001,Puerto Aysén Ad.,45&deg 23' 58'' S,11,2023,10,18,2.1,18.8
450001,Puerto Aysén Ad.,45&deg 23' 58'' S,11,2023,10,19,9.0,17.3
450001,Puerto Aysén Ad.,45&deg 23' 58'' S,11,2023,10,20,8.6,15.4
450001,Puerto Aysén Ad.,45&deg 23' 58'' S,11,2023,10,21,3.5,16.3
450001,Puerto Aysén Ad.,45&deg 23' 58'' S,11,2023,10,22,-0.4,16.8
450001,Puerto Aysén Ad.,45&deg 23' 58'' S,11,2023,10,23,5.2,18.8
450001,Puerto Aysén Ad.,45&deg 23' 58'' S,11,2023,10,24,9.8,14.5
450001,Puerto Aysén Ad.,45&deg 23' 58'' S,11,2023,10,25,7.9,16.3
450001,Puerto Aysén Ad.,45&deg 23' 58'' S,11,2023,10,26,9.3,15.2
450001,Puerto Aysén Ad.,45&deg 23' 58'' S,11,2023,10,27,6.6,11.2
450001,Puerto Aysén Ad.,45&deg 23' 58'' S,11,2023,10,28,5.1,7.1
450001,Puerto Aysén Ad.,45&deg 23' 58'' S,11,2023,10,29,1.0,9.5
450001,Puerto Aysén Ad.,45&deg 23' 58'' S,11,2023,10,30,3.8,13.9
450001,Puerto Aysén Ad.,45&deg 23' 58'' S,11,2023,10,31,0.7,16.8
450004,"Teniente Vidal, Coyhaique Ad.",45&deg 35' 27'' S,299,2023,10,1,4.0,11.7
450004,"Teniente Vidal, Coyhaique Ad.",45&deg 35' 27'' S,299,2023,10,2,1.5,14.5
450004,"Teniente Vidal, Coyhaique Ad.",45&deg 35' 27'' S,299,2023,10,3,1.3,14.8
450004,"Teniente Vidal, Coyhaique Ad.",45&deg 35' 27'' S,299,2023,10,4,2.8,14.3
450004,"Teniente Vidal, Coyhaique Ad.",45&deg 35' 27'' S,299,2023,10,5,5.8,11.4
450004,"Teniente Vidal, Coyhaique Ad.",45&deg 35' 27'' S,299,2023,10,6,0.1,10.1
450004,"Teniente Vidal, Coyhaique Ad.",45&deg 35' 27'' S,299,2023,10,7,5.1,13.3
450004,"Teniente Vidal, Coyhaique Ad.",45&deg 35' 27'' S,299,2023,10,8,4.2,10.2
450004,"Teniente Vidal, Coyhaique Ad.",45&deg 35' 27'' S,299,2023,10,9,5.3,12.4
450004,"Teniente Vidal, Coyhaique Ad.",45&deg 35' 27'' S,299,2023,10,10,-2.0,10.2
450004,"Teniente Vidal, Coyhaique Ad.",45&deg 35' 27'' S,299,2023,10,11,-2.5,13.8
450004,"Teniente Vidal, Coyhaique Ad.",45&deg 35' 27'' S,299,2023,10,12,-1.0,15.3
450004,"Teniente Vidal, Coyhaique Ad.",45&deg 35' 27'' S,299,2023,10,13,0.5,14.3
450004,"Teniente Vidal, Coyhaique Ad.",45&deg 35' 27'' S,299,2023,10,14,0.2,16.1
450004,"Teniente Vidal, Coyhaique Ad.",45&deg 35' 27'' S,299,2023,10,15,2.5,13.6
450004,"Teniente Vidal, Coyhaique Ad.",45&deg 35' 27'' S,299,2023,10,16,-0.3,14.7
450004,"Teniente Vidal, Coyhaique Ad.",45&deg 35' 27'' S,299,2023,10,17,4.8,19.1
450004,"Teniente Vidal, Coyhaique Ad.",45&deg 35' 27'' S,299,2023,10,18,2.3,21.6
450004,"Teniente Vidal, Coyhaique Ad.",45&deg 35' 27'' S,299,2023,10,19,7.6,16.4
450004,"Teniente Vidal, Coyhaique Ad.",45&deg 35' 27'' S,299,2023,10,20,5.4,15.5
450004,"Teniente Vidal, Coyhaique Ad.",45&deg 35' 27'' S,299,2023,10,21,0.9,17.3
450004,"Teniente Vidal, Coyhaique Ad.",45&deg 35' 27'' S,299,2023,10,22,-1.2,19.4
450004,"Teniente Vidal, Coyhaique Ad.",45&deg 35' 27'' S,299,2023,10,23,0.4,19.3
450004,"Teniente Vidal, Coyhaique Ad.",45&deg 35' 27'' S,299,2023,10,24,8.1,16.0
450004,"Teniente Vidal, Coyhaique Ad.",45&deg 35' 27'' S,299,2023,10,25,7.0,15.3
450004,"Teniente Vidal, Coyhaique Ad.",45&deg 35' 27'' S,299,2023,10,26,9.9,15.7
450004,"Teniente Vidal, Coyhaique Ad.",45&deg 35' 27'' S,299,2023,10,27,6.1,11.7
450004,"Teniente Vidal, Coyhaique Ad.",45&deg 35' 27'' S,299,2023,10,28,3.4,8.9
450004,"Teniente Vidal, Coyhaique Ad.",45&deg 35' 27'' S,299,2023,10,29,0.2,6.7
450004,"Teniente Vidal, Coyhaique Ad.",45&deg 35' 27'' S,299,2023,10,30,-3.2,13.7
450004,"Teniente Vidal, Coyhaique Ad.",45&deg 35' 27'' S,299,2023,10,31,3.4,14.0
450005,Balmaceda Ad.,45&deg 55' 6'' S,517,2023,10,1,2.3,9.8
450005,Balmaceda Ad.,45&deg 55' 6'' S,517,2023,10,2,-1.0,11.5
450005,Balmaceda Ad.,45&deg 55' 6'' S,517,2023,10,3,-0.4,13.9
450005,Balmaceda Ad.,45&deg 55' 6'' S,517,2023,10,4,4.4,12.2
450005,Balmaceda Ad.,45&deg 55' 6'' S,517,2023,10,5,3.7,11.1
450005,Balmaceda Ad.,45&deg 55' 6'' S,517,2023,10,6,0.1,9.1
450005,Balmaceda Ad.,45&deg 55' 6'' S,517,2023,10,7,3.5,12.1
450005,Balmaceda Ad.,45&deg 55' 6'' S,517,2023,10,8,1.3,7.8
450005,Balmaceda Ad.,45&deg 55' 6'' S,517,2023,10,9,2.9,11.7
450005,Balmaceda Ad.,45&deg 55' 6'' S,517,2023,10,10,-3.7,9.3
450005,Balmaceda Ad.,45&deg 55' 6'' S,517,2023,10,11,-3.7,13.3
450005,Balmaceda Ad.,45&deg 55' 6'' S,517,2023,10,12,-4.5,14.2
450005,Balmaceda Ad.,45&deg 55' 6'' S,517,2023,10,13,-3.1,14.3
450005,Balmaceda Ad.,45&deg 55' 6'' S,517,2023,10,14,-0.1,14.6
450005,Balmaceda Ad.,45&deg 55' 6'' S,517,2023,10,15,3.6,14.6
450005,Balmaceda Ad.,45&deg 55' 6'' S,517,2023,10,16,0.1,13.3
450005,Balmaceda Ad.,45&deg 55' 6'' S,517,2023,10,17,5.2,17.8
450005,Balmaceda Ad.,45&deg 55' 6'' S,517,2023,10,18,0.4,19.9
450005,Balmaceda Ad.,45&deg 55' 6'' S,517,2023,10,19,7.6,14.3
450005,Balmaceda Ad.,45&deg 55' 6'' S,517,2023,10,20,3.8,13.8
450005,Balmaceda Ad.,45&deg 55' 6'' S,517,2023,10,21,-0.4,16.1
450005,Balmaceda Ad.,45&deg 55' 6'' S,517,2023,10,22,-5.2,19.2
450005,Balmaceda Ad.,45&deg 55' 6'' S,517,2023,10,23,1.9,20.9
450005,Balmaceda Ad.,45&deg 55' 6'' S,517,2023,10,24,4.9,14.5
450005,Balmaceda Ad.,45&deg 55' 6'' S,517,2023,10,25,5.4,13.7
450005,Balmaceda Ad.,45&deg 55' 6'' S,517,2023,10,26,6.6,15.1
450005,Balmaceda Ad.,45&deg 55' 6'' S,517,2023,10,27,3.4,8.7
450005,Balmaceda Ad.,45&deg 55' 6'' S,517,2023,10,28,0.3,6.8
450005,Balmaceda Ad.,45&deg 55' 6'' S,517,2023,10,29,-0.2,6.3
450005,Balmaceda Ad.,45&deg 55' 6'' S,517,2023,10,30,-6.2,10.4
450005,Balmaceda Ad.,45&deg 55' 6'' S,517,2023,10,31,-0.9,11.8
460001,Chile Chico Ad.,46&deg 35' 6'' S,311,2023,10,1,3.9,13.9
460001,Chile Chico Ad.,46&deg 35' 6'' S,311,2023,10,2,-2.7,14.8
460001,Chile Chico Ad.,46&deg 35' 6'' S,311,2023,10,3,-1.8,16.7
460001,Chile Chico Ad.,46&deg 35' 6'' S,311,2023,10,4,-0.7,15.9
460001,Chile Chico Ad.,46&deg 35' 6'' S,311,2023,10,5,1.1,15.7
460001,Chile Chico Ad.,46&deg 35' 6'' S,311,2023,10,6,1.4,13.3
460001,Chile Chico Ad.,46&deg 35' 6'' S,311,2023,10,7,1.4,15.3
460001,Chile Chico Ad.,46&deg 35' 6'' S,311,2023,10,8,4.5,10.7
460001,Chile Chico Ad.,46&deg 35' 6'' S,311,2023,10,9,6.4,14.5
460001,Chile Chico Ad.,46&deg 35' 6'' S,311,2023,10,10,-1.9,10.9
460001,Chile Chico Ad.,46&deg 35' 6'' S,311,2023,10,11,-2.3,18.2
460001,Chile Chico Ad.,46&deg 35' 6'' S,311,2023,10,12,-1.2,16.1
460001,Chile Chico Ad.,46&deg 35' 6'' S,311,2023,10,13,-0.4,18.4
460001,Chile Chico Ad.,46&deg 35' 6'' S,311,2023,10,14,-0.8,19.3
460001,Chile Chico Ad.,46&deg 35' 6'' S,311,2023,10,15,0.0,16.6
460001,Chile Chico Ad.,46&deg 35' 6'' S,311,2023,10,16,0.6,17.4
460001,Chile Chico Ad.,46&deg 35' 6'' S,311,2023,10,17,5.8,20.7
460001,Chile Chico Ad.,46&deg 35' 6'' S,311,2023,10,18,2.1,23.1
460001,Chile Chico Ad.,46&deg 35' 6'' S,311,2023,10,19,8.7,18.0
460001,Chile Chico Ad.,46&deg 35' 6'' S,311,2023,10,20,1.7,16.5
460001,Chile Chico Ad.,46&deg 35' 6'' S,311,2023,10,21,1.7,18.7
460001,Chile Chico Ad.,46&deg 35' 6'' S,311,2023,10,22,-1.7,17.8
460001,Chile Chico Ad.,46&deg 35' 6'' S,311,2023,10,23,0.5,20.6
460001,Chile Chico Ad.,46&deg 35' 6'' S,311,2023,10,24,3.4,18.6
460001,Chile Chico Ad.,46&deg 35' 6'' S,311,2023,10,25,4.4,17.7
460001,Chile Chico Ad.,46&deg 35' 6'' S,311,2023,10,26,11.4,17.8
460001,Chile Chico Ad.,46&deg 35' 6'' S,311,2023,10,27,6.2,14.1
460001,Chile Chico Ad.,46&deg 35' 6'' S,311,2023,10,28,4.2,10.5
460001,Chile Chico Ad.,46&deg 35' 6'' S,311,2023,10,29,-2.0,9.6
460001,Chile Chico Ad.,46&deg 35' 6'' S,311,2023,10,30,-3.0,11.1
460001,Chile Chico Ad.,46&deg 35' 6'' S,311,2023,10,31,1.5,11.7
470001,Lord Cochrane Ad.,47&deg 14' 38'' S,196,2023,10,1,2.9,13.5
470001,Lord Cochrane Ad.,47&deg 14' 38'' S,196,2023,10,3,1.2,15.6
470001,Lord Cochrane Ad.,47&deg 14' 38'' S,196,2023,10,4,4.7,15.9
470001,Lord Cochrane Ad.,47&deg 14' 38'' S,196,2023,10,5,0.4,16.0
470001,Lord Cochrane Ad.,47&deg 14' 38'' S,196,2023,10,6,0.8,12.3
470001,Lord Cochrane Ad.,47&deg 14' 38'' S,196,2023,10,7,6.7,15.4
470001,Lord Cochrane Ad.,47&deg 14' 38'' S,196,2023,10,8,1.9,10.9
470001,Lord Cochrane Ad.,47&deg 14' 38'' S,196,2023,10,9,4.3,12.1
470001,Lord Cochrane Ad.,47&deg 14' 38'' S,196,2023,10,10,0.9,9.2
470001,Lord Cochrane Ad.,47&deg 14' 38'' S,196,2023,10,11,4.1,13.8
470001,Lord Cochrane Ad.,47&deg 14' 38'' S,196,2023,10,12,1.9,15.6
470001,Lord Cochrane Ad.,47&deg 14' 38'' S,196,2023,10,13,3.3,17.0
470001,Lord Cochrane Ad.,47&deg 14' 38'' S,196,2023,10,14,3.9,15.8
470001,Lord Cochrane Ad.,47&deg 14' 38'' S,196,2023,10,15,3.8,15.5
470001,Lord Cochrane Ad.,47&deg 14' 38'' S,196,2023,10,16,3.9,16.3
470001,Lord Cochrane Ad.,47&deg 14' 38'' S,196,2023,10,17,6.9,16.3
470001,Lord Cochrane Ad.,47&deg 14' 38'' S,196,2023,10,18,2.2,22.2
470001,Lord Cochrane Ad.,47&deg 14' 38'' S,196,2023,10,19,7.7,18.2
470001,Lord Cochrane Ad.,47&deg 14' 38'' S,196,2023,10,20,2.1,16.2
470001,Lord Cochrane Ad.,47&deg 14' 38'' S,196,2023,10,21,0.9,15.7
470001,Lord Cochrane Ad.,47&deg 14' 38'' S,196,2023,10,22,1.9,18.0
470001,Lord Cochrane Ad.,47&deg 14' 38'' S,196,2023,10,23,1.1,21.4
470001,Lord Cochrane Ad.,47&deg 14' 38'' S,196,2023,10,24,4.2,17.7
470001,Lord Cochrane Ad.,47&deg 14' 38'' S,196,2023,10,25,5.9,18.3
470001,Lord Cochrane Ad.,47&deg 14' 38'' S,196,2023,10,26,7.3,16.4
470001,Lord Cochrane Ad.,47&deg 14' 38'' S,196,2023,10,27,5.9,12.2
470001,Lord Cochrane Ad.,47&deg 14' 38'' S,196,2023,10,28,3.4,7.5
470001,Lord Cochrane Ad.,47&deg 14' 38'' S,196,2023,10,29,1.8,9.2
470001,Lord Cochrane Ad.,47&deg 14' 38'' S,196,2023,10,30,-2.9,12.8
470001,Lord Cochrane Ad.,47&deg 14' 38'' S,196,2023,10,31,0.0,12.9
510005,"Teniente Gallardo, Puerto Natales Ad.",51&deg 40' 2'' S,69,2023,10,1,0.3,5.7
510005,"Teniente Gallardo, Puerto Natales Ad.",51&deg 40' 2'' S,69,2023,10,2,-1.0,12.4
510005,"Teniente Gallardo, Puerto Natales Ad.",51&deg 40' 2'' S,69,2023,10,3,4.4,14.8
510005,"Teniente Gallardo, Puerto Natales Ad.",51&deg 40' 2'' S,69,2023,10,4,8.2,13.4
510005,"Teniente Gallardo, Puerto Natales Ad.",51&deg 40' 2'' S,69,2023,10,5,2.7,10.8
510005,"Teniente Gallardo, Puerto Natales Ad.",51&deg 40' 2'' S,69,2023,10,6,0.6,11.5
510005,"Teniente Gallardo, Puerto Natales Ad.",51&deg 40' 2'' S,69,2023,10,7,1.6,5.3
510005,"Teniente Gallardo, Puerto Natales Ad.",51&deg 40' 2'' S,69,2023,10,8,0.2,6.3
510005,"Teniente Gallardo, Puerto Natales Ad.",51&deg 40' 2'' S,69,2023,10,9,2.1,6.9
510005,"Teniente Gallardo, Puerto Natales Ad.",51&deg 40' 2'' S,69,2023,10,10,-0.8,7.7
510005,"Teniente Gallardo, Puerto Natales Ad.",51&deg 40' 2'' S,69,2023,10,11,4.2,11.3
510005,"Teniente Gallardo, Puerto Natales Ad.",51&deg 40' 2'' S,69,2023,10,12,4.6,13.3
510005,"Teniente Gallardo, Puerto Natales Ad.",51&deg 40' 2'' S,69,2023,10,13,7.5,13.5
510005,"Teniente Gallardo, Puerto Natales Ad.",51&deg 40' 2'' S,69,2023,10,14,4.2,13.3
510005,"Teniente Gallardo, Puerto Natales Ad.",51&deg 40' 2'' S,69,2023,10,16,3.6,13.4
510005,"Teniente Gallardo, Puerto Natales Ad.",51&deg 40' 2'' S,69,2023,10,17,8.8,14.3
510005,"Teniente Gallardo, Puerto Natales Ad.",51&deg 40' 2'' S,69,2023,10,18,8.1,17.9
510005,"Teniente Gallardo, Puerto Natales Ad.",51&deg 40' 2'' S,69,2023,10,19,6.0,16.1
510005,"Teniente Gallardo, Puerto Natales Ad.",51&deg 40' 2'' S,69,2023,10,20,1.9,14.5
510005,"Teniente Gallardo, Puerto Natales Ad.",51&deg 40' 2'' S,69,2023,10,21,2.0,12.4
510005,"Teniente Gallardo, Puerto Natales Ad.",51&deg 40' 2'' S,69,2023,10,22,5.0,14.6
510005,"Teniente Gallardo, Puerto Natales Ad.",51&deg 40' 2'' S,69,2023,10,23,-1.5,16.8
510005,"Teniente Gallardo, Puerto Natales Ad.",51&deg 40' 2'' S,69,2023,10,24,3.8,16.3
510005,"Teniente Gallardo, Puerto Natales Ad.",51&deg 40' 2'' S,69,2023,10,25,2.3,13.4
510005,"Teniente Gallardo, Puerto Natales Ad.",51&deg 40' 2'' S,69,2023,10,26,0.1,8.6
510005,"Teniente Gallardo, Puerto Natales Ad.",51&deg 40' 2'' S,69,2023,10,27,2.2,10.1
510005,"Teniente Gallardo, Puerto Natales Ad.",51&deg 40' 2'' S,69,2023,10,28,-0.2,5.1
510005,"Teniente Gallardo, Puerto Natales Ad.",51&deg 40' 2'' S,69,2023,10,29,-3.2,7.8
510005,"Teniente Gallardo, Puerto Natales Ad.",51&deg 40' 2'' S,69,2023,10,30,0.2,8.2
510005,"Teniente Gallardo, Puerto Natales Ad.",51&deg 40' 2'' S,69,2023,10,31,-3.3,11.3
520006,"Carlos Ibañez, Punta Arenas Ap.",53&deg 0' 6'' S,36,2023,10,1,1.4,6.5
520006,"Carlos Ibañez, Punta Arenas Ap.",53&deg 0' 6'' S,36,2023,10,2,-0.9,9.4
520006,"Carlos Ibañez, Punta Arenas Ap.",53&deg 0' 6'' S,36,2023,10,3,5.1,12.2
520006,"Carlos Ibañez, Punta Arenas Ap.",53&deg 0' 6'' S,36,2023,10,4,5.7,11.3
520006,"Carlos Ibañez, Punta Arenas Ap.",53&deg 0' 6'' S,36,2023,10,5,6.4,11.0
520006,"Carlos Ibañez, Punta Arenas Ap.",53&deg 0' 6'' S,36,2023,10,6,1.1,9.9
520006,"Carlos Ibañez, Punta Arenas Ap.",53&deg 0' 6'' S,36,2023,10,7,1.4,5.7
520006,"Carlos Ibañez, Punta Arenas Ap.",53&deg 0' 6'' S,36,2023,10,8,0.2,6.4
520006,"Carlos Ibañez, Punta Arenas Ap.",53&deg 0' 6'' S,36,2023,10,9,0.7,7.5
520006,"Carlos Ibañez, Punta Arenas Ap.",53&deg 0' 6'' S,36,2023,10,10,-0.3,7.1
520006,"Carlos Ibañez, Punta Arenas Ap.",53&deg 0' 6'' S,36,2023,10,11,4.4,9.7
520006,"Carlos Ibañez, Punta Arenas Ap.",53&deg 0' 6'' S,36,2023,10,12,5.3,12.6
520006,"Carlos Ibañez, Punta Arenas Ap.",53&deg 0' 6'' S,36,2023,10,13,6.5,11.3
520006,"Carlos Ibañez, Punta Arenas Ap.",53&deg 0' 6'' S,36,2023,10,14,6.1,11.7
520006,"Carlos Ibañez, Punta Arenas Ap.",53&deg 0' 6'' S,36,2023,10,15,4.6,10.2
520006,"Carlos Ibañez, Punta Arenas Ap.",53&deg 0' 6'' S,36,2023,10,16,4.1,12.3
520006,"Carlos Ibañez, Punta Arenas Ap.",53&deg 0' 6'' S,36,2023,10,17,5.1,11.5
520006,"Carlos Ibañez, Punta Arenas Ap.",53&deg 0' 6'' S,36,2023,10,18,7.6,16.5
520006,"Carlos Ibañez, Punta Arenas Ap.",53&deg 0' 6'' S,36,2023,10,19,4.8,14.2
520006,"Carlos Ibañez, Punta Arenas Ap.",53&deg 0' 6'' S,36,2023,10,20,1.7,12.5
520006,"Carlos Ibañez, Punta Arenas Ap.",53&deg 0' 6'' S,36,2023,10,21,3.5,11.0
520006,"Carlos Ibañez, Punta Arenas Ap.",53&deg 0' 6'' S,36,2023,10,22,3.6,14.0
520006,"Carlos Ibañez, Punta Arenas Ap.",53&deg 0' 6'' S,36,2023,10,23,0.8,17.8
520006,"Carlos Ibañez, Punta Arenas Ap.",53&deg 0' 6'' S,36,2023,10,24,5.6,15.5
520006,"Carlos Ibañez, Punta Arenas Ap.",53&deg 0' 6'' S,36,2023,10,25,4.2,12.4
520006,"Carlos Ibañez, Punta Arenas Ap.",53&deg 0' 6'' S,36,2023,10,26,2.1,8.2
520006,"Carlos Ibañez, Punta Arenas Ap.",53&deg 0' 6'' S,36,2023,10,27,2.8,10.2
520006,"Carlos Ibañez, Punta Arenas Ap.",53&deg 0' 6'' S,36,2023,10,28,0.8,6.9
520006,"Carlos Ibañez, Punta Arenas Ap.",53&deg 0' 6'' S,36,2023,10,29,1.1,8.8
520006,"Carlos Ibañez, Punta Arenas Ap.",53&deg 0' 6'' S,36,2023,10,30,0.8,7.6
520006,"Carlos Ibañez, Punta Arenas Ap.",53&deg 0' 6'' S,36,2023,10,31,0.1,10.9
530005,"Fuentes Martínez, Porvenir Ad.",53&deg 15' 13'' S,25,2023,10,1,-0.8,7.3
530005,"Fuentes Martínez, Porvenir Ad.",53&deg 15' 13'' S,25,2023,10,2,0.7,8.4
530005,"Fuentes Martínez, Porvenir Ad.",53&deg 15' 13'' S,25,2023,10,3,4.3,12.5
530005,"Fuentes Martínez, Porvenir Ad.",53&deg 15' 13'' S,25,2023,10,4,5.4,10.4
530005,"Fuentes Martínez, Porvenir Ad.",53&deg 15' 13'' S,25,2023,10,5,6.3,11.3
530005,"Fuentes Martínez, Porvenir Ad.",53&deg 15' 13'' S,25,2023,10,6,1.6,10.5
530005,"Fuentes Martínez, Porvenir Ad.",53&deg 15' 13'' S,25,2023,10,7,0.7,7.5
530005,"Fuentes Martínez, Porvenir Ad.",53&deg 15' 13'' S,25,2023,10,8,1.0,7.2
530005,"Fuentes Martínez, Porvenir Ad.",53&deg 15' 13'' S,25,2023,10,9,1.2,7.6
530005,"Fuentes Martínez, Porvenir Ad.",53&deg 15' 13'' S,25,2023,10,10,-0.1,7.4
530005,"Fuentes Martínez, Porvenir Ad.",53&deg 15' 13'' S,25,2023,10,11,3.4,9.7
530005,"Fuentes Martínez, Porvenir Ad.",53&deg 15' 13'' S,25,2023,10,12,4.7,12.5
530005,"Fuentes Martínez, Porvenir Ad.",53&deg 15' 13'' S,25,2023,10,13,5.8,11.5
530005,"Fuentes Martínez, Porvenir Ad.",53&deg 15' 13'' S,25,2023,10,14,5.1,12.3
530005,"Fuentes Martínez, Porvenir Ad.",53&deg 15' 13'' S,25,2023,10,15,5.0,8.0
530005,"Fuentes Martínez, Porvenir Ad.",53&deg 15' 13'' S,25,2023,10,16,4.1,11.9
530005,"Fuentes Martínez, Porvenir Ad.",53&deg 15' 13'' S,25,2023,10,17,3.3,13.1
530005,"Fuentes Martínez, Porvenir Ad.",53&deg 15' 13'' S,25,2023,10,18,6.3,15.8
530005,"Fuentes Martínez, Porvenir Ad.",53&deg 15' 13'' S,25,2023,10,19,5.1,13.8
530005,"Fuentes Martínez, Porvenir Ad.",53&deg 15' 13'' S,25,2023,10,20,-0.9,12.1
530005,"Fuentes Martínez, Porvenir Ad.",53&deg 15' 13'' S,25,2023,10,21,3.6,10.4
530005,"Fuentes Martínez, Porvenir Ad.",53&deg 15' 13'' S,25,2023,10,22,3.5,13.1
530005,"Fuentes Martínez, Porvenir Ad.",53&deg 15' 13'' S,25,2023,10,23,0.5,17.5
530005,"Fuentes Martínez, Porvenir Ad.",53&deg 15' 13'' S,25,2023,10,24,3.1,14.9
530005,"Fuentes Martínez, Porvenir Ad.",53&deg 15' 13'' S,25,2023,10,25,3.9,11.8
530005,"Fuentes Martínez, Porvenir Ad.",53&deg 15' 13'' S,25,2023,10,26,1.7,8.3
530005,"Fuentes Martínez, Porvenir Ad.",53&deg 15' 13'' S,25,2023,10,27,2.3,9.3
530005,"Fuentes Martínez, Porvenir Ad.",53&deg 15' 13'' S,25,2023,10,28,0.7,7.4
530005,"Fuentes Martínez, Porvenir Ad.",53&deg 15' 13'' S,25,2023,10,29,2.4,9.8
530005,"Fuentes Martínez, Porvenir Ad.",53&deg 15' 13'' S,25,2023,10,30,-2.6,8.8
530005,"Fuentes Martínez, Porvenir Ad.",53&deg 15' 13'' S,25,2023,10,31,3.6,9.7
550001,"Guardiamarina Zañartu, Pto Williams Ad.",54&deg 55' 54'' S,12,2023,10,1,-0.2,9.3
550001,"Guardiamarina Zañartu, Pto Williams Ad.",54&deg 55' 54'' S,12,2023,10,2,-0.7,8.1
550001,"Guardiamarina Zañartu, Pto Williams Ad.",54&deg 55' 54'' S,12,2023,10,3,0.6,12.5
550001,"Guardiamarina Zañartu, Pto Williams Ad.",54&deg 55' 54'' S,12,2023,10,4,7.9,13.3
550001,"Guardiamarina Zañartu, Pto Williams Ad.",54&deg 55' 54'' S,12,2023,10,5,8.4,12.1
550001,"Guardiamarina Zañartu, Pto Williams Ad.",54&deg 55' 54'' S,12,2023,10,6,-0.2,9.2
550001,"Guardiamarina Zañartu, Pto Williams Ad.",54&deg 55' 54'' S,12,2023,10,7,1.1,9.4
550001,"Guardiamarina Zañartu, Pto Williams Ad.",54&deg 55' 54'' S,12,2023,10,8,0.1,7.8
550001,"Guardiamarina Zañartu, Pto Williams Ad.",54&deg 55' 54'' S,12,2023,10,9,1.4,5.8
550001,"Guardiamarina Zañartu, Pto Williams Ad.",54&deg 55' 54'' S,12,2023,10,10,-2.0,3.4
550001,"Guardiamarina Zañartu, Pto Williams Ad.",54&deg 55' 54'' S,12,2023,10,11,1.8,8.0
550001,"Guardiamarina Zañartu, Pto Williams Ad.",54&deg 55' 54'' S,12,2023,10,12,5.0,13.3
550001,"Guardiamarina Zañartu, Pto Williams Ad.",54&deg 55' 54'' S,12,2023,10,13,6.6,12.6
550001,"Guardiamarina Zañartu, Pto Williams Ad.",54&deg 55' 54'' S,12,2023,10,14,6.4,10.0
550001,"Guardiamarina Zañartu, Pto Williams Ad.",54&deg 55' 54'' S,12,2023,10,15,4.9,11.3
550001,"Guardiamarina Zañartu, Pto Williams Ad.",54&deg 55' 54'' S,12,2023,10,16,3.7,10.9
550001,"Guardiamarina Zañartu, Pto Williams Ad.",54&deg 55' 54'' S,12,2023,10,17,6.2,14.9
550001,"Guardiamarina Zañartu, Pto Williams Ad.",54&deg 55' 54'' S,12,2023,10,18,9.9,17.6
550001,"Guardiamarina Zañartu, Pto Williams Ad.",54&deg 55' 54'' S,12,2023,10,19,7.5,12.7
550001,"Guardiamarina Zañartu, Pto Williams Ad.",54&deg 55' 54'' S,12,2023,10,20,3.3,13.6
550001,"Guardiamarina Zañartu, Pto Williams Ad.",54&deg 55' 54'' S,12,2023,10,21,3.0,10.1
550001,"Guardiamarina Zañartu, Pto Williams Ad.",54&deg 55' 54'' S,12,2023,10,22,4.6,10.4
550001,"Guardiamarina Zañartu, Pto Williams Ad.",54&deg 55' 54'' S,12,2023,10,23,2.5,17.7
550001,"Guardiamarina Zañartu, Pto Williams Ad.",54&deg 55' 54'' S,12,2023,10,24,2.3,15.1
550001,"Guardiamarina Zañartu, Pto Williams Ad.",54&deg 55' 54'' S,12,2023,10,25,0.9,11.2
550001,"Guardiamarina Zañartu, Pto Williams Ad.",54&deg 55' 54'' S,12,2023,10,26,1.2,7.2
550001,"Guardiamarina Zañartu, Pto Williams Ad.",54&deg 55' 54'' S,12,2023,10,27,0.2,7.9
550001,"Guardiamarina Zañartu, Pto Williams Ad.",54&deg 55' 54'' S,12,2023,10,28,2.5,10.9
550001,"Guardiamarina Zañartu, Pto Williams Ad.",54&deg 55' 54'' S,12,2023,10,29,0.1,8.6
550001,"Guardiamarina Zañartu, Pto Williams Ad.",54&deg 55' 54'' S,12,2023,10,30,-1.4,5.2
550001,"Guardiamarina Zañartu, Pto Williams Ad.",54&deg 55' 54'' S,12,2023,10,31,3.6,10.4
950001,"C.M.A. Eduardo Frei Montalva, Antártica ",62&deg 11' 31'' S,45,2023,10,1,-3.0,-0.8
950001,"C.M.A. Eduardo Frei Montalva, Antártica ",62&deg 11' 31'' S,45,2023,10,2,-4.5,-1.1
950001,"C.M.A. Eduardo Frei Montalva, Antártica ",62&deg 11' 31'' S,45,2023,10,3,-4.0,-1.1
950001,"C.M.A. Eduardo Frei Montalva, Antártica ",62&deg 11' 31'' S,45,2023,10,4,-2.5,-1.5
950001,"C.M.A. Eduardo Frei Montalva, Antártica ",62&deg 11' 31'' S,45,2023,10,5,-2.3,-0.6
950001,"C.M.A. Eduardo Frei Montalva, Antártica ",62&deg 11' 31'' S,45,2023,10,6,-4.0,-1.4
950001,"C.M.A. Eduardo Frei Montalva, Antártica ",62&deg 11' 31'' S,45,2023,10,7,-8.7,-1.0
950001,"C.M.A. Eduardo Frei Montalva, Antártica ",62&deg 11' 31'' S,45,2023,10,8,-10.4,-6.0
950001,"C.M.A. Eduardo Frei Montalva, Antártica ",62&deg 11' 31'' S,45,2023,10,9,-10.9,-7.0
950001,"C.M.A. Eduardo Frei Montalva, Antártica ",62&deg 11' 31'' S,45,2023,10,10,-9.4,-6.7
950001,"C.M.A. Eduardo Frei Montalva, Antártica ",62&deg 11' 31'' S,45,2023,10,11,-9.2,-3.6
950001,"C.M.A. Eduardo Frei Montalva, Antártica ",62&deg 11' 31'' S,45,2023,10,12,-4.3,-0.9
950001,"C.M.A. Eduardo Frei Montalva, Antártica ",62&deg 11' 31'' S,45,2023,10,13,-6.2,-2.0
950001,"C.M.A. Eduardo Frei Montalva, Antártica ",62&deg 11' 31'' S,45,2023,10,14,-6.7,-4.7
950001,"C.M.A. Eduardo Frei Montalva, Antártica ",62&deg 11' 31'' S,45,2023,10,15,-5.8,-1.6
950001,"C.M.A. Eduardo Frei Montalva, Antártica ",62&deg 11' 31'' S,45,2023,10,16,-3.0,-1.1
950001,"C.M.A. Eduardo Frei Montalva, Antártica ",62&deg 11' 31'' S,45,2023,10,17,-3.7,-1.5
950001,"C.M.A. Eduardo Frei Montalva, Antártica ",62&deg 11' 31'' S,45,2023,10,18,-3.5,-0.5
950001,"C.M.A. Eduardo Frei Montalva, Antártica ",62&deg 11' 31'' S,45,2023,10,19,-2.4,0.2
950001,"C.M.A. Eduardo Frei Montalva, Antártica ",62&deg 11' 31'' S,45,2023,10,20,-3.7,-1.7
950001,"C.M.A. Eduardo Frei Montalva, Antártica ",62&deg 11' 31'' S,45,2023,10,21,-5.5,-1.1
950001,"C.M.A. Eduardo Frei Montalva, Antártica ",62&deg 11' 31'' S,45,2023,10,22,-5.7,-1.9
950001,"C.M.A. Eduardo Frei Montalva, Antártica ",62&deg 11' 31'' S,45,2023,10,23,-4.8,-0.2
950001,"C.M.A. Eduardo Frei Montalva, Antártica ",62&deg 11' 31'' S,45,2023,10,24,-3.3,-0.4
950001,"C.M.A. Eduardo Frei Montalva, Antártica ",62&deg 11' 31'' S,45,2023,10,25,-8.3,0.9
950001,"C.M.A. Eduardo Frei Montalva, Antártica ",62&deg 11' 31'' S,45,2023,10,26,-9.4,-8.1
950001,"C.M.A. Eduardo Frei Montalva, Antártica ",62&deg 11' 31'' S,45,2023,10,27,-9.0,-6.8
950001,"C.M.A. Eduardo Frei Montalva, Antártica ",62&deg 11' 31'' S,45,2023,10,28,-11.1,-7.9
950001,"C.M.A. Eduardo Frei Montalva, Antártica ",62&deg 11' 31'' S,45,2023,10,29,-10.2,-7.7
950001,"C.M.A. Eduardo Frei Montalva, Antártica ",62&deg 11' 31'' S,45,2023,10,30,-8.6,-1.3
950001,"C.M.A. Eduardo Frei Montalva, Antártica ",62&deg 11' 31'' S,45,2023,10,31,-2.6,-0.8
180005,"Chacalluta, Arica Ap.",18&deg 21' 20'' S,50,2023,11,1,18.0,20.7
180005,"Chacalluta, Arica Ap.",18&deg 21' 20'' S,50,2023,11,2,14.3,21.0
180005,"Chacalluta, Arica Ap.",18&deg 21' 20'' S,50,2023,11,3,15.6,20.9
180005,"Chacalluta, Arica Ap.",18&deg 21' 20'' S,50,2023,11,4,18.6,21.5
180005,"Chacalluta, Arica Ap.",18&deg 21' 20'' S,50,2023,11,5,17.6,21.6
180005,"Chacalluta, Arica Ap.",18&deg 21' 20'' S,50,2023,11,6,17.8,21.4
180005,"Chacalluta, Arica Ap.",18&deg 21' 20'' S,50,2023,11,7,16.9,21.7
180005,"Chacalluta, Arica Ap.",18&deg 21' 20'' S,50,2023,11,8,15.7,21.7
180005,"Chacalluta, Arica Ap.",18&deg 21' 20'' S,50,2023,11,9,18.8,22.8
180005,"Chacalluta, Arica Ap.",18&deg 21' 20'' S,50,2023,11,10,19.0,22.7
180005,"Chacalluta, Arica Ap.",18&deg 21' 20'' S,50,2023,11,11,18.8,23.3
180005,"Chacalluta, Arica Ap.",18&deg 21' 20'' S,50,2023,11,12,18.7,22.3
180005,"Chacalluta, Arica Ap.",18&deg 21' 20'' S,50,2023,11,13,17.9,22.3
180005,"Chacalluta, Arica Ap.",18&deg 21' 20'' S,50,2023,11,14,18.1,21.9
180005,"Chacalluta, Arica Ap.",18&deg 21' 20'' S,50,2023,11,15,18.6,21.9
180005,"Chacalluta, Arica Ap.",18&deg 21' 20'' S,50,2023,11,16,18.2,21.8
180005,"Chacalluta, Arica Ap.",18&deg 21' 20'' S,50,2023,11,17,18.3,22.4
180005,"Chacalluta, Arica Ap.",18&deg 21' 20'' S,50,2023,11,18,17.5,21.9
180005,"Chacalluta, Arica Ap.",18&deg 21' 20'' S,50,2023,11,19,18.2,22.8
180005,"Chacalluta, Arica Ap.",18&deg 21' 20'' S,50,2023,11,20,18.5,23.0
180005,"Chacalluta, Arica Ap.",18&deg 21' 20'' S,50,2023,11,21,17.5,23.6
180005,"Chacalluta, Arica Ap.",18&deg 21' 20'' S,50,2023,11,22,15.9,22.6
180005,"Chacalluta, Arica Ap.",18&deg 21' 20'' S,50,2023,11,23,18.5,22.2
180005,"Chacalluta, Arica Ap.",18&deg 21' 20'' S,50,2023,11,24,18.5,22.5
180005,"Chacalluta, Arica Ap.",18&deg 21' 20'' S,50,2023,11,25,18.8,23.2
180005,"Chacalluta, Arica Ap.",18&deg 21' 20'' S,50,2023,11,26,19.3,23.0
180005,"Chacalluta, Arica Ap.",18&deg 21' 20'' S,50,2023,11,27,19.3,23.4
180005,"Chacalluta, Arica Ap.",18&deg 21' 20'' S,50,2023,11,28,19.4,23.5
180005,"Chacalluta, Arica Ap.",18&deg 21' 20'' S,50,2023,11,29,19.7,23.1
180005,"Chacalluta, Arica Ap.",18&deg 21' 20'' S,50,2023,11,30,19.7,23.4
200006,Diego Aracena Iquique Ap.,20&deg 32' 57'' S,48,2023,11,1,16.6,21.8
200006,Diego Aracena Iquique Ap.,20&deg 32' 57'' S,48,2023,11,2,14.8,21.3
200006,Diego Aracena Iquique Ap.,20&deg 32' 57'' S,48,2023,11,3,16.1,20.9
200006,Diego Aracena Iquique Ap.,20&deg 32' 57'' S,48,2023,11,4,17.1,21.2
200006,Diego Aracena Iquique Ap.,20&deg 32' 57'' S,48,2023,11,5,16.2,21.0
200006,Diego Aracena Iquique Ap.,20&deg 32' 57'' S,48,2023,11,6,14.8,21.0
200006,Diego Aracena Iquique Ap.,20&deg 32' 57'' S,48,2023,11,7,16.7,21.3
200006,Diego Aracena Iquique Ap.,20&deg 32' 57'' S,48,2023,11,8,15.9,20.9
200006,Diego Aracena Iquique Ap.,20&deg 32' 57'' S,48,2023,11,9,16.5,21.1
200006,Diego Aracena Iquique Ap.,20&deg 32' 57'' S,48,2023,11,10,18.5,23.5
200006,Diego Aracena Iquique Ap.,20&deg 32' 57'' S,48,2023,11,11,17.1,22.4
200006,Diego Aracena Iquique Ap.,20&deg 32' 57'' S,48,2023,11,12,18.0,22.0
200006,Diego Aracena Iquique Ap.,20&deg 32' 57'' S,48,2023,11,13,18.2,21.5
200006,Diego Aracena Iquique Ap.,20&deg 32' 57'' S,48,2023,11,14,18.4,22.0
200006,Diego Aracena Iquique Ap.,20&deg 32' 57'' S,48,2023,11,15,17.9,22.0
200006,Diego Aracena Iquique Ap.,20&deg 32' 57'' S,48,2023,11,16,17.4,21.5
200006,Diego Aracena Iquique Ap.,20&deg 32' 57'' S,48,2023,11,17,16.8,21.6
200006,Diego Aracena Iquique Ap.,20&deg 32' 57'' S,48,2023,11,18,15.1,21.1
200006,Diego Aracena Iquique Ap.,20&deg 32' 57'' S,48,2023,11,19,17.4,20.9
200006,Diego Aracena Iquique Ap.,20&deg 32' 57'' S,48,2023,11,20,16.1,21.8
200006,Diego Aracena Iquique Ap.,20&deg 32' 57'' S,48,2023,11,21,16.9,22.0
200006,Diego Aracena Iquique Ap.,20&deg 32' 57'' S,48,2023,11,22,15.9,21.9
200006,Diego Aracena Iquique Ap.,20&deg 32' 57'' S,48,2023,11,23,17.1,22.2
200006,Diego Aracena Iquique Ap.,20&deg 32' 57'' S,48,2023,11,24,18.1,21.6
200006,Diego Aracena Iquique Ap.,20&deg 32' 57'' S,48,2023,11,25,16.6,21.9
200006,Diego Aracena Iquique Ap.,20&deg 32' 57'' S,48,2023,11,26,17.8,22.9
200006,Diego Aracena Iquique Ap.,20&deg 32' 57'' S,48,2023,11,27,19.0,23.4
200006,Diego Aracena Iquique Ap.,20&deg 32' 57'' S,48,2023,11,28,18.9,22.9
200006,Diego Aracena Iquique Ap.,20&deg 32' 57'' S,48,2023,11,29,19.0,23.0
200006,Diego Aracena Iquique Ap.,20&deg 32' 57'' S,48,2023,11,30,19.5,22.9
220002,"El Loa, Calama Ad.",22&deg 29' 53'' S,2321,2023,11,1,1.9,24.2
220002,"El Loa, Calama Ad.",22&deg 29' 53'' S,2321,2023,11,2,2.0,23.6
220002,"El Loa, Calama Ad.",22&deg 29' 53'' S,2321,2023,11,3,3.7,25.3
220002,"El Loa, Calama Ad.",22&deg 29' 53'' S,2321,2023,11,4,1.7,25.5
220002,"El Loa, Calama Ad.",22&deg 29' 53'' S,2321,2023,11,5,3.7,26.0
220002,"El Loa, Calama Ad.",22&deg 29' 53'' S,2321,2023,11,6,6.7,26.1
220002,"El Loa, Calama Ad.",22&deg 29' 53'' S,2321,2023,11,7,6.9,29.5
220002,"El Loa, Calama Ad.",22&deg 29' 53'' S,2321,2023,11,8,9.0,29.6
220002,"El Loa, Calama Ad.",22&deg 29' 53'' S,2321,2023,11,9,8.7,26.9
220002,"El Loa, Calama Ad.",22&deg 29' 53'' S,2321,2023,11,10,10.2,24.1
220002,"El Loa, Calama Ad.",22&deg 29' 53'' S,2321,2023,11,11,8.4,27.7
220002,"El Loa, Calama Ad.",22&deg 29' 53'' S,2321,2023,11,12,7.7,27.2
220002,"El Loa, Calama Ad.",22&deg 29' 53'' S,2321,2023,11,13,6.5,26.8
220002,"El Loa, Calama Ad.",22&deg 29' 53'' S,2321,2023,11,14,7.4,26.1
220002,"El Loa, Calama Ad.",22&deg 29' 53'' S,2321,2023,11,15,4.5,25.6
220002,"El Loa, Calama Ad.",22&deg 29' 53'' S,2321,2023,11,16,5.2,26.1
220002,"El Loa, Calama Ad.",22&deg 29' 53'' S,2321,2023,11,17,5.4,25.3
220002,"El Loa, Calama Ad.",22&deg 29' 53'' S,2321,2023,11,18,4.1,26.9
220002,"El Loa, Calama Ad.",22&deg 29' 53'' S,2321,2023,11,19,5.3,26.5
220002,"El Loa, Calama Ad.",22&deg 29' 53'' S,2321,2023,11,20,5.9,25.0
220002,"El Loa, Calama Ad.",22&deg 29' 53'' S,2321,2023,11,21,2.6,23.2
220002,"El Loa, Calama Ad.",22&deg 29' 53'' S,2321,2023,11,22,4.1,23.5
220002,"El Loa, Calama Ad.",22&deg 29' 53'' S,2321,2023,11,23,4.9,24.7
220002,"El Loa, Calama Ad.",22&deg 29' 53'' S,2321,2023,11,24,3.6,25.4
220002,"El Loa, Calama Ad.",22&deg 29' 53'' S,2321,2023,11,25,5.6,26.5
220002,"El Loa, Calama Ad.",22&deg 29' 53'' S,2321,2023,11,26,5.8,25.9
220002,"El Loa, Calama Ad.",22&deg 29' 53'' S,2321,2023,11,27,5.3,26.8
220002,"El Loa, Calama Ad.",22&deg 29' 53'' S,2321,2023,11,28,5.4,26.8
220002,"El Loa, Calama Ad.",22&deg 29' 53'' S,2321,2023,11,29,5.3,27.4
220002,"El Loa, Calama Ad.",22&deg 29' 53'' S,2321,2023,11,30,5.2,26.8
230001,Cerro Moreno  Antofagasta  Ap.,23&deg 27' 13'' S,112,2023,11,1,15.5,18.9
230001,Cerro Moreno  Antofagasta  Ap.,23&deg 27' 13'' S,112,2023,11,2,15.2,18.8
230001,Cerro Moreno  Antofagasta  Ap.,23&deg 27' 13'' S,112,2023,11,3,14.1,20.0
230001,Cerro Moreno  Antofagasta  Ap.,23&deg 27' 13'' S,112,2023,11,4,15.3,18.6
230001,Cerro Moreno  Antofagasta  Ap.,23&deg 27' 13'' S,112,2023,11,5,16.0,19.0
230001,Cerro Moreno  Antofagasta  Ap.,23&deg 27' 13'' S,112,2023,11,6,15.0,18.8
230001,Cerro Moreno  Antofagasta  Ap.,23&deg 27' 13'' S,112,2023,11,7,15.6,18.6
230001,Cerro Moreno  Antofagasta  Ap.,23&deg 27' 13'' S,112,2023,11,8,15.5,19.2
230001,Cerro Moreno  Antofagasta  Ap.,23&deg 27' 13'' S,112,2023,11,9,15.9,23.3
230001,Cerro Moreno  Antofagasta  Ap.,23&deg 27' 13'' S,112,2023,11,10,17.7,20.9
230001,Cerro Moreno  Antofagasta  Ap.,23&deg 27' 13'' S,112,2023,11,11,16.4,19.9
230001,Cerro Moreno  Antofagasta  Ap.,23&deg 27' 13'' S,112,2023,11,12,16.3,19.4
230001,Cerro Moreno  Antofagasta  Ap.,23&deg 27' 13'' S,112,2023,11,13,15.2,18.5
230001,Cerro Moreno  Antofagasta  Ap.,23&deg 27' 13'' S,112,2023,11,14,15.1,19.0
230001,Cerro Moreno  Antofagasta  Ap.,23&deg 27' 13'' S,112,2023,11,15,15.6,19.1
230001,Cerro Moreno  Antofagasta  Ap.,23&deg 27' 13'' S,112,2023,11,16,15.1,18.7
230001,Cerro Moreno  Antofagasta  Ap.,23&deg 27' 13'' S,112,2023,11,17,15.6,18.8
230001,Cerro Moreno  Antofagasta  Ap.,23&deg 27' 13'' S,112,2023,11,18,14.3,18.5
230001,Cerro Moreno  Antofagasta  Ap.,23&deg 27' 13'' S,112,2023,11,19,15.1,20.0
230001,Cerro Moreno  Antofagasta  Ap.,23&deg 27' 13'' S,112,2023,11,20,16.1,19.7
230001,Cerro Moreno  Antofagasta  Ap.,23&deg 27' 13'' S,112,2023,11,21,16.4,19.6
230001,Cerro Moreno  Antofagasta  Ap.,23&deg 27' 13'' S,112,2023,11,22,14.9,19.6
230001,Cerro Moreno  Antofagasta  Ap.,23&deg 27' 13'' S,112,2023,11,23,14.7,19.8
230001,Cerro Moreno  Antofagasta  Ap.,23&deg 27' 13'' S,112,2023,11,24,16.6,20.2
230001,Cerro Moreno  Antofagasta  Ap.,23&deg 27' 13'' S,112,2023,11,25,15.6,19.8
230001,Cerro Moreno  Antofagasta  Ap.,23&deg 27' 13'' S,112,2023,11,26,16.7,20.1
230001,Cerro Moreno  Antofagasta  Ap.,23&deg 27' 13'' S,112,2023,11,27,15.2,20.8
230001,Cerro Moreno  Antofagasta  Ap.,23&deg 27' 13'' S,112,2023,11,28,16.1,20.1
230001,Cerro Moreno  Antofagasta  Ap.,23&deg 27' 13'' S,112,2023,11,29,16.7,20.0
230001,Cerro Moreno  Antofagasta  Ap.,23&deg 27' 13'' S,112,2023,11,30,17.0,19.8
270001,Mataveri  Isla de Pascua Ap.,27&deg 9' 32'' S,44,2023,11,1,18.7,23.3
270001,Mataveri  Isla de Pascua Ap.,27&deg 9' 32'' S,44,2023,11,2,17.1,23.2
270001,Mataveri  Isla de Pascua Ap.,27&deg 9' 32'' S,44,2023,11,3,17.0,23.6
270001,Mataveri  Isla de Pascua Ap.,27&deg 9' 32'' S,44,2023,11,4,17.1,23.2
270001,Mataveri  Isla de Pascua Ap.,27&deg 9' 32'' S,44,2023,11,5,15.7,24.1
270001,Mataveri  Isla de Pascua Ap.,27&deg 9' 32'' S,44,2023,11,6,17.3,23.1
270001,Mataveri  Isla de Pascua Ap.,27&deg 9' 32'' S,44,2023,11,7,17.9,24.2
270001,Mataveri  Isla de Pascua Ap.,27&deg 9' 32'' S,44,2023,11,8,18.2,23.9
270001,Mataveri  Isla de Pascua Ap.,27&deg 9' 32'' S,44,2023,11,9,18.0,23.2
270001,Mataveri  Isla de Pascua Ap.,27&deg 9' 32'' S,44,2023,11,10,18.0,21.8
270001,Mataveri  Isla de Pascua Ap.,27&deg 9' 32'' S,44,2023,11,11,18.4,23.5
270001,Mataveri  Isla de Pascua Ap.,27&deg 9' 32'' S,44,2023,11,12,17.7,23.2
270001,Mataveri  Isla de Pascua Ap.,27&deg 9' 32'' S,44,2023,11,13,17.8,22.9
270001,Mataveri  Isla de Pascua Ap.,27&deg 9' 32'' S,44,2023,11,14,18.6,23.5
270001,Mataveri  Isla de Pascua Ap.,27&deg 9' 32'' S,44,2023,11,15,18.3,23.0
270001,Mataveri  Isla de Pascua Ap.,27&deg 9' 32'' S,44,2023,11,16,17.8,23.3
270001,Mataveri  Isla de Pascua Ap.,27&deg 9' 32'' S,44,2023,11,17,16.8,23.3
270001,Mataveri  Isla de Pascua Ap.,27&deg 9' 32'' S,44,2023,11,18,17.1,23.0
270001,Mataveri  Isla de Pascua Ap.,27&deg 9' 32'' S,44,2023,11,19,17.0,22.9
270001,Mataveri  Isla de Pascua Ap.,27&deg 9' 32'' S,44,2023,11,20,17.9,22.8
270001,Mataveri  Isla de Pascua Ap.,27&deg 9' 32'' S,44,2023,11,21,17.2,24.1
270001,Mataveri  Isla de Pascua Ap.,27&deg 9' 32'' S,44,2023,11,22,17.5,24.0
270001,Mataveri  Isla de Pascua Ap.,27&deg 9' 32'' S,44,2023,11,23,17.6,24.6
270001,Mataveri  Isla de Pascua Ap.,27&deg 9' 32'' S,44,2023,11,24,18.2,24.4
270001,Mataveri  Isla de Pascua Ap.,27&deg 9' 32'' S,44,2023,11,25,18.6,24.9
270001,Mataveri  Isla de Pascua Ap.,27&deg 9' 32'' S,44,2023,11,26,17.4,21.1
270001,Mataveri  Isla de Pascua Ap.,27&deg 9' 32'' S,44,2023,11,27,17.6,22.9
270001,Mataveri  Isla de Pascua Ap.,27&deg 9' 32'' S,44,2023,11,28,18.2,24.3
270001,Mataveri  Isla de Pascua Ap.,27&deg 9' 32'' S,44,2023,11,29,17.5,24.2
270001,Mataveri  Isla de Pascua Ap.,27&deg 9' 32'' S,44,2023,11,30,18.9,22.6
270008,"Desierto de Atacama, Caldera  Ad.",27&deg 15' 16'' S,197,2023,11,1,12.4,18.4
270008,"Desierto de Atacama, Caldera  Ad.",27&deg 15' 16'' S,197,2023,11,2,12.1,21.0
270008,"Desierto de Atacama, Caldera  Ad.",27&deg 15' 16'' S,197,2023,11,3,7.6,22.9
270008,"Desierto de Atacama, Caldera  Ad.",27&deg 15' 16'' S,197,2023,11,4,12.7,20.0
270008,"Desierto de Atacama, Caldera  Ad.",27&deg 15' 16'' S,197,2023,11,5,8.6,20.1
270008,"Desierto de Atacama, Caldera  Ad.",27&deg 15' 16'' S,197,2023,11,6,12.5,19.6
270008,"Desierto de Atacama, Caldera  Ad.",27&deg 15' 16'' S,197,2023,11,7,11.0,22.3
270008,"Desierto de Atacama, Caldera  Ad.",27&deg 15' 16'' S,197,2023,11,8,12.8,22.8
270008,"Desierto de Atacama, Caldera  Ad.",27&deg 15' 16'' S,197,2023,11,9,13.2,21.0
270008,"Desierto de Atacama, Caldera  Ad.",27&deg 15' 16'' S,197,2023,11,10,15.1,24.4
270008,"Desierto de Atacama, Caldera  Ad.",27&deg 15' 16'' S,197,2023,11,11,12.3,21.2
270008,"Desierto de Atacama, Caldera  Ad.",27&deg 15' 16'' S,197,2023,11,12,12.9,20.4
270008,"Desierto de Atacama, Caldera  Ad.",27&deg 15' 16'' S,197,2023,11,13,12.2,19.5
270008,"Desierto de Atacama, Caldera  Ad.",27&deg 15' 16'' S,197,2023,11,14,12.2,19.1
270008,"Desierto de Atacama, Caldera  Ad.",27&deg 15' 16'' S,197,2023,11,15,12.3,19.5
270008,"Desierto de Atacama, Caldera  Ad.",27&deg 15' 16'' S,197,2023,11,16,10.7,20.0
270008,"Desierto de Atacama, Caldera  Ad.",27&deg 15' 16'' S,197,2023,11,17,12.1,19.9
270008,"Desierto de Atacama, Caldera  Ad.",27&deg 15' 16'' S,197,2023,11,18,9.5,21.0
270008,"Desierto de Atacama, Caldera  Ad.",27&deg 15' 16'' S,197,2023,11,19,12.1,19.5
270008,"Desierto de Atacama, Caldera  Ad.",27&deg 15' 16'' S,197,2023,11,20,12.2,19.8
270008,"Desierto de Atacama, Caldera  Ad.",27&deg 15' 16'' S,197,2023,11,21,12.1,19.7
270008,"Desierto de Atacama, Caldera  Ad.",27&deg 15' 16'' S,197,2023,11,22,12.2,21.0
270008,"Desierto de Atacama, Caldera  Ad.",27&deg 15' 16'' S,197,2023,11,23,12.5,21.6
270008,"Desierto de Atacama, Caldera  Ad.",27&deg 15' 16'' S,197,2023,11,24,13.5,21.4
270008,"Desierto de Atacama, Caldera  Ad.",27&deg 15' 16'' S,197,2023,11,25,13.3,20.5
270008,"Desierto de Atacama, Caldera  Ad.",27&deg 15' 16'' S,197,2023,11,26,13.2,20.7
270008,"Desierto de Atacama, Caldera  Ad.",27&deg 15' 16'' S,197,2023,11,27,14.1,21.4
270008,"Desierto de Atacama, Caldera  Ad.",27&deg 15' 16'' S,197,2023,11,28,13.5,21.8
270008,"Desierto de Atacama, Caldera  Ad.",27&deg 15' 16'' S,197,2023,11,29,13.3,20.3
270008,"Desierto de Atacama, Caldera  Ad.",27&deg 15' 16'' S,197,2023,11,30,13.0,20.2
290004,"La Florida, La Serena Ad.",29&deg 54' 52'' S,137,2023,11,1,11.6,17.2
290004,"La Florida, La Serena Ad.",29&deg 54' 52'' S,137,2023,11,2,8.9,18.8
290004,"La Florida, La Serena Ad.",29&deg 54' 52'' S,137,2023,11,3,9.5,20.2
290004,"La Florida, La Serena Ad.",29&deg 54' 52'' S,137,2023,11,4,12.7,18.4
290004,"La Florida, La Serena Ad.",29&deg 54' 52'' S,137,2023,11,5,10.2,18.4
290004,"La Florida, La Serena Ad.",29&deg 54' 52'' S,137,2023,11,6,10.8,18.2
290004,"La Florida, La Serena Ad.",29&deg 54' 52'' S,137,2023,11,7,10.1,20.8
290004,"La Florida, La Serena Ad.",29&deg 54' 52'' S,137,2023,11,8,11.4,19.6
290004,"La Florida, La Serena Ad.",29&deg 54' 52'' S,137,2023,11,9,13.2,16.8
290004,"La Florida, La Serena Ad.",29&deg 54' 52'' S,137,2023,11,10,13.9,22.2
290004,"La Florida, La Serena Ad.",29&deg 54' 52'' S,137,2023,11,11,13.5,19.5
290004,"La Florida, La Serena Ad.",29&deg 54' 52'' S,137,2023,11,12,10.6,18.6
290004,"La Florida, La Serena Ad.",29&deg 54' 52'' S,137,2023,11,13,9.3,19.3
290004,"La Florida, La Serena Ad.",29&deg 54' 52'' S,137,2023,11,14,10.6,17.8
290004,"La Florida, La Serena Ad.",29&deg 54' 52'' S,137,2023,11,15,12.2,17.0
290004,"La Florida, La Serena Ad.",29&deg 54' 52'' S,137,2023,11,16,9.4,18.3
290004,"La Florida, La Serena Ad.",29&deg 54' 52'' S,137,2023,11,17,9.6,17.7
290004,"La Florida, La Serena Ad.",29&deg 54' 52'' S,137,2023,11,18,9.7,19.0
290004,"La Florida, La Serena Ad.",29&deg 54' 52'' S,137,2023,11,19,11.1,17.4
290004,"La Florida, La Serena Ad.",29&deg 54' 52'' S,137,2023,11,20,12.9,16.7
290004,"La Florida, La Serena Ad.",29&deg 54' 52'' S,137,2023,11,21,12.1,18.2
290004,"La Florida, La Serena Ad.",29&deg 54' 52'' S,137,2023,11,22,12.4,18.0
290004,"La Florida, La Serena Ad.",29&deg 54' 52'' S,137,2023,11,23,11.2,17.6
290004,"La Florida, La Serena Ad.",29&deg 54' 52'' S,137,2023,11,24,13.4,17.7
290004,"La Florida, La Serena Ad.",29&deg 54' 52'' S,137,2023,11,25,12.4,17.3
290004,"La Florida, La Serena Ad.",29&deg 54' 52'' S,137,2023,11,26,11.9,17.9
290004,"La Florida, La Serena Ad.",29&deg 54' 52'' S,137,2023,11,27,12.9,19.1
290004,"La Florida, La Serena Ad.",29&deg 54' 52'' S,137,2023,11,28,12.7,17.8
290004,"La Florida, La Serena Ad.",29&deg 54' 52'' S,137,2023,11,29,11.4,19.2
290004,"La Florida, La Serena Ad.",29&deg 54' 52'' S,137,2023,11,30,13.2,17.4
330007,"Rodelillo, Ad.",33&deg 3' 55'' S,330,2023,11,1,6.0,17.5
330007,"Rodelillo, Ad.",33&deg 3' 55'' S,330,2023,11,2,5.9,18.7
330007,"Rodelillo, Ad.",33&deg 3' 55'' S,330,2023,11,3,9.3,26.5
330007,"Rodelillo, Ad.",33&deg 3' 55'' S,330,2023,11,4,10.0,16.1
330007,"Rodelillo, Ad.",33&deg 3' 55'' S,330,2023,11,5,9.4,19.7
330007,"Rodelillo, Ad.",33&deg 3' 55'' S,330,2023,11,6,8.2,16.0
330007,"Rodelillo, Ad.",33&deg 3' 55'' S,330,2023,11,7,8.0,22.3
330007,"Rodelillo, Ad.",33&deg 3' 55'' S,330,2023,11,8,9.9,25.6
330007,"Rodelillo, Ad.",33&deg 3' 55'' S,330,2023,11,9,11.8,19.0
330007,"Rodelillo, Ad.",33&deg 3' 55'' S,330,2023,11,10,10.3,14.5
330007,"Rodelillo, Ad.",33&deg 3' 55'' S,330,2023,11,11,11.1,16.4
330007,"Rodelillo, Ad.",33&deg 3' 55'' S,330,2023,11,12,8.9,16.6
330007,"Rodelillo, Ad.",33&deg 3' 55'' S,330,2023,11,13,7.1,19.6
330007,"Rodelillo, Ad.",33&deg 3' 55'' S,330,2023,11,14,8.1,20.1
330007,"Rodelillo, Ad.",33&deg 3' 55'' S,330,2023,11,15,6.7,16.6
330007,"Rodelillo, Ad.",33&deg 3' 55'' S,330,2023,11,16,5.3,20.5
330007,"Rodelillo, Ad.",33&deg 3' 55'' S,330,2023,11,17,9.3,17.2
330007,"Rodelillo, Ad.",33&deg 3' 55'' S,330,2023,11,18,9.9,24.4
330007,"Rodelillo, Ad.",33&deg 3' 55'' S,330,2023,11,19,9.6,24.1
330007,"Rodelillo, Ad.",33&deg 3' 55'' S,330,2023,11,20,8.0,23.2
330007,"Rodelillo, Ad.",33&deg 3' 55'' S,330,2023,11,21,9.5,23.1
330007,"Rodelillo, Ad.",33&deg 3' 55'' S,330,2023,11,22,8.1,24.3
330007,"Rodelillo, Ad.",33&deg 3' 55'' S,330,2023,11,23,11.0,23.1
330007,"Rodelillo, Ad.",33&deg 3' 55'' S,330,2023,11,24,9.9,18.8
330007,"Rodelillo, Ad.",33&deg 3' 55'' S,330,2023,11,25,10.5,18.9
330007,"Rodelillo, Ad.",33&deg 3' 55'' S,330,2023,11,26,10.4,15.9
330007,"Rodelillo, Ad.",33&deg 3' 55'' S,330,2023,11,27,11.5,16.3
330007,"Rodelillo, Ad.",33&deg 3' 55'' S,330,2023,11,28,11.8,19.0
330007,"Rodelillo, Ad.",33&deg 3' 55'' S,330,2023,11,29,8.9,25.1
330007,"Rodelillo, Ad.",33&deg 3' 55'' S,330,2023,11,30,9.6,16.7
330019,"Eulogio Sánchez, Tobalaba Ad.",33&deg 27' 19'' S,650,2023,11,1,9.1,12.9
330019,"Eulogio Sánchez, Tobalaba Ad.",33&deg 27' 19'' S,650,2023,11,2,6.0,16.7
330019,"Eulogio Sánchez, Tobalaba Ad.",33&deg 27' 19'' S,650,2023,11,3,4.1,28.1
330019,"Eulogio Sánchez, Tobalaba Ad.",33&deg 27' 19'' S,650,2023,11,4,9.4,25.2
330019,"Eulogio Sánchez, Tobalaba Ad.",33&deg 27' 19'' S,650,2023,11,5,9.8,24.8
330019,"Eulogio Sánchez, Tobalaba Ad.",33&deg 27' 19'' S,650,2023,11,6,9.3,25.1
330019,"Eulogio Sánchez, Tobalaba Ad.",33&deg 27' 19'' S,650,2023,11,7,10.6,24.4
330019,"Eulogio Sánchez, Tobalaba Ad.",33&deg 27' 19'' S,650,2023,11,8,10.3,27.8
330019,"Eulogio Sánchez, Tobalaba Ad.",33&deg 27' 19'' S,650,2023,11,9,11.1,26.7
330019,"Eulogio Sánchez, Tobalaba Ad.",33&deg 27' 19'' S,650,2023,11,10,11.7,17.4
330019,"Eulogio Sánchez, Tobalaba Ad.",33&deg 27' 19'' S,650,2023,11,11,9.8,14.1
330019,"Eulogio Sánchez, Tobalaba Ad.",33&deg 27' 19'' S,650,2023,11,12,9.2,15.6
330019,"Eulogio Sánchez, Tobalaba Ad.",33&deg 27' 19'' S,650,2023,11,13,9.0,23.3
330019,"Eulogio Sánchez, Tobalaba Ad.",33&deg 27' 19'' S,650,2023,11,14,8.6,23.0
330019,"Eulogio Sánchez, Tobalaba Ad.",33&deg 27' 19'' S,650,2023,11,15,8.1,21.8
330019,"Eulogio Sánchez, Tobalaba Ad.",33&deg 27' 19'' S,650,2023,11,16,6.8,25.0
330019,"Eulogio Sánchez, Tobalaba Ad.",33&deg 27' 19'' S,650,2023,11,17,8.1,17.4
330019,"Eulogio Sánchez, Tobalaba Ad.",33&deg 27' 19'' S,650,2023,11,18,5.5,22.4
330019,"Eulogio Sánchez, Tobalaba Ad.",33&deg 27' 19'' S,650,2023,11,19,9.0,30.3
330019,"Eulogio Sánchez, Tobalaba Ad.",33&deg 27' 19'' S,650,2023,11,20,9.2,26.9
330019,"Eulogio Sánchez, Tobalaba Ad.",33&deg 27' 19'' S,650,2023,11,21,11.7,24.7
330019,"Eulogio Sánchez, Tobalaba Ad.",33&deg 27' 19'' S,650,2023,11,22,10.3,26.8
330019,"Eulogio Sánchez, Tobalaba Ad.",33&deg 27' 19'' S,650,2023,11,23,12.4,31.9
330019,"Eulogio Sánchez, Tobalaba Ad.",33&deg 27' 19'' S,650,2023,11,24,14.0,29.9
330019,"Eulogio Sánchez, Tobalaba Ad.",33&deg 27' 19'' S,650,2023,11,25,11.7,28.2
330019,"Eulogio Sánchez, Tobalaba Ad.",33&deg 27' 19'' S,650,2023,11,26,13.7,29.0
330019,"Eulogio Sánchez, Tobalaba Ad.",33&deg 27' 19'' S,650,2023,11,27,11.5,24.1
330019,"Eulogio Sánchez, Tobalaba Ad.",33&deg 27' 19'' S,650,2023,11,28,12.5,22.8
330019,"Eulogio Sánchez, Tobalaba Ad.",33&deg 27' 19'' S,650,2023,11,29,10.0,29.6
330019,"Eulogio Sánchez, Tobalaba Ad.",33&deg 27' 19'' S,650,2023,11,30,12.5,27.9
330020,"Quinta Normal, Santiago",33&deg 26' 42'' S,520,2023,11,1,8.0,12.8
330020,"Quinta Normal, Santiago",33&deg 26' 42'' S,520,2023,11,2,4.2,18.5
330020,"Quinta Normal, Santiago",33&deg 26' 42'' S,520,2023,11,3,3.5,29.9
330020,"Quinta Normal, Santiago",33&deg 26' 42'' S,520,2023,11,4,8.5,24.8
330020,"Quinta Normal, Santiago",33&deg 26' 42'' S,520,2023,11,5,9.8,25.6
330020,"Quinta Normal, Santiago",33&deg 26' 42'' S,520,2023,11,6,8.7,24.4
330020,"Quinta Normal, Santiago",33&deg 26' 42'' S,520,2023,11,7,10.7,25.6
330020,"Quinta Normal, Santiago",33&deg 26' 42'' S,520,2023,11,8,8.8,28.9
330020,"Quinta Normal, Santiago",33&deg 26' 42'' S,520,2023,11,9,10.1,26.8
330020,"Quinta Normal, Santiago",33&deg 26' 42'' S,520,2023,11,10,11.7,16.8
330020,"Quinta Normal, Santiago",33&deg 26' 42'' S,520,2023,11,11,10.9,14.5
330020,"Quinta Normal, Santiago",33&deg 26' 42'' S,520,2023,11,12,8.1,17.7
330020,"Quinta Normal, Santiago",33&deg 26' 42'' S,520,2023,11,13,10.0,24.0
330020,"Quinta Normal, Santiago",33&deg 26' 42'' S,520,2023,11,14,7.6,23.3
330020,"Quinta Normal, Santiago",33&deg 26' 42'' S,520,2023,11,15,7.0,22.0
330020,"Quinta Normal, Santiago",33&deg 26' 42'' S,520,2023,11,16,5.4,25.1
330020,"Quinta Normal, Santiago",33&deg 26' 42'' S,520,2023,11,17,8.4,17.2
330020,"Quinta Normal, Santiago",33&deg 26' 42'' S,520,2023,11,18,5.7,23.0
330020,"Quinta Normal, Santiago",33&deg 26' 42'' S,520,2023,11,19,8.8,30.2
330020,"Quinta Normal, Santiago",33&deg 26' 42'' S,520,2023,11,20,7.6,27.0
330020,"Quinta Normal, Santiago",33&deg 26' 42'' S,520,2023,11,21,10.5,25.1
330020,"Quinta Normal, Santiago",33&deg 26' 42'' S,520,2023,11,22,9.5,27.8
330020,"Quinta Normal, Santiago",33&deg 26' 42'' S,520,2023,11,23,11.1,32.8
330020,"Quinta Normal, Santiago",33&deg 26' 42'' S,520,2023,11,24,12.8,28.3
330020,"Quinta Normal, Santiago",33&deg 26' 42'' S,520,2023,11,25,10.1,28.0
330020,"Quinta Normal, Santiago",33&deg 26' 42'' S,520,2023,11,26,11.6,26.7
330020,"Quinta Normal, Santiago",33&deg 26' 42'' S,520,2023,11,27,11.0,22.8
330020,"Quinta Normal, Santiago",33&deg 26' 42'' S,520,2023,11,28,12.3,23.0
330020,"Quinta Normal, Santiago",33&deg 26' 42'' S,520,2023,11,29,8.8,29.9
330020,"Quinta Normal, Santiago",33&deg 26' 42'' S,520,2023,11,30,11.1,27.4
330021,Pudahuel Santiago ,33&deg 22' 42'' S,474,2023,11,1,8.0,13.3
330021,Pudahuel Santiago ,33&deg 22' 42'' S,474,2023,11,2,2.4,18.4
330021,Pudahuel Santiago ,33&deg 22' 42'' S,474,2023,11,3,4.0,30.4
330021,Pudahuel Santiago ,33&deg 22' 42'' S,474,2023,11,4,8.1,26.1
330021,Pudahuel Santiago ,33&deg 22' 42'' S,474,2023,11,5,10.2,25.3
330021,Pudahuel Santiago ,33&deg 22' 42'' S,474,2023,11,6,9.1,25.1
330021,Pudahuel Santiago ,33&deg 22' 42'' S,474,2023,11,7,10.8,25.7
330021,Pudahuel Santiago ,33&deg 22' 42'' S,474,2023,11,8,10.4,28.4
330021,Pudahuel Santiago ,33&deg 22' 42'' S,474,2023,11,9,9.2,26.1
330021,Pudahuel Santiago ,33&deg 22' 42'' S,474,2023,11,10,12.2,16.8
330021,Pudahuel Santiago ,33&deg 22' 42'' S,474,2023,11,11,12.1,15.0
330021,Pudahuel Santiago ,33&deg 22' 42'' S,474,2023,11,12,8.1,17.7
330021,Pudahuel Santiago ,33&deg 22' 42'' S,474,2023,11,13,10.0,23.5
330021,Pudahuel Santiago ,33&deg 22' 42'' S,474,2023,11,14,8.9,23.7
330021,Pudahuel Santiago ,33&deg 22' 42'' S,474,2023,11,15,7.5,22.4
330021,Pudahuel Santiago ,33&deg 22' 42'' S,474,2023,11,16,6.0,24.9
330021,Pudahuel Santiago ,33&deg 22' 42'' S,474,2023,11,17,8.3,17.7
330021,Pudahuel Santiago ,33&deg 22' 42'' S,474,2023,11,18,5.0,23.4
330021,Pudahuel Santiago ,33&deg 22' 42'' S,474,2023,11,19,8.5,30.5
330021,Pudahuel Santiago ,33&deg 22' 42'' S,474,2023,11,20,9.1,27.2
330021,Pudahuel Santiago ,33&deg 22' 42'' S,474,2023,11,21,10.4,25.2
330021,Pudahuel Santiago ,33&deg 22' 42'' S,474,2023,11,22,9.5,27.6
330021,Pudahuel Santiago ,33&deg 22' 42'' S,474,2023,11,23,11.3,32.0
330021,Pudahuel Santiago ,33&deg 22' 42'' S,474,2023,11,24,13.2,29.0
330021,Pudahuel Santiago ,33&deg 22' 42'' S,474,2023,11,25,9.7,28.3
330021,Pudahuel Santiago ,33&deg 22' 42'' S,474,2023,11,26,11.3,28.0
330021,Pudahuel Santiago ,33&deg 22' 42'' S,474,2023,11,27,11.5,23.4
330021,Pudahuel Santiago ,33&deg 22' 42'' S,474,2023,11,28,12.6,22.7
330021,Pudahuel Santiago ,33&deg 22' 42'' S,474,2023,11,29,8.6,29.8
330021,Pudahuel Santiago ,33&deg 22' 42'' S,474,2023,11,30,12.3,27.9
330030,"Santo Domingo, Ad.",33&deg 39' 22'' S,77,2023,11,1,6.0,14.6
330030,"Santo Domingo, Ad.",33&deg 39' 22'' S,77,2023,11,2,4.5,16.7
330030,"Santo Domingo, Ad.",33&deg 39' 22'' S,77,2023,11,3,6.4,25.6
330030,"Santo Domingo, Ad.",33&deg 39' 22'' S,77,2023,11,4,6.7,16.4
330030,"Santo Domingo, Ad.",33&deg 39' 22'' S,77,2023,11,5,8.4,17.8
330030,"Santo Domingo, Ad.",33&deg 39' 22'' S,77,2023,11,6,7.5,16.6
330030,"Santo Domingo, Ad.",33&deg 39' 22'' S,77,2023,11,7,7.7,21.3
330030,"Santo Domingo, Ad.",33&deg 39' 22'' S,77,2023,11,8,5.7,18.9
330030,"Santo Domingo, Ad.",33&deg 39' 22'' S,77,2023,11,9,6.5,16.8
330030,"Santo Domingo, Ad.",33&deg 39' 22'' S,77,2023,11,10,11.3,14.3
330030,"Santo Domingo, Ad.",33&deg 39' 22'' S,77,2023,11,11,9.8,15.6
330030,"Santo Domingo, Ad.",33&deg 39' 22'' S,77,2023,11,12,8.5,15.3
330030,"Santo Domingo, Ad.",33&deg 39' 22'' S,77,2023,11,13,6.5,17.7
330030,"Santo Domingo, Ad.",33&deg 39' 22'' S,77,2023,11,14,4.8,16.5
330030,"Santo Domingo, Ad.",33&deg 39' 22'' S,77,2023,11,15,4.3,16.7
330030,"Santo Domingo, Ad.",33&deg 39' 22'' S,77,2023,11,16,3.8,16.5
330030,"Santo Domingo, Ad.",33&deg 39' 22'' S,77,2023,11,17,10.6,17.8
330030,"Santo Domingo, Ad.",33&deg 39' 22'' S,77,2023,11,18,10.0,18.5
330030,"Santo Domingo, Ad.",33&deg 39' 22'' S,77,2023,11,19,6.2,17.3
330030,"Santo Domingo, Ad.",33&deg 39' 22'' S,77,2023,11,20,7.6,17.2
330030,"Santo Domingo, Ad.",33&deg 39' 22'' S,77,2023,11,21,9.1,18.3
330030,"Santo Domingo, Ad.",33&deg 39' 22'' S,77,2023,11,22,6.1,18.6
330030,"Santo Domingo, Ad.",33&deg 39' 22'' S,77,2023,11,23,7.0,18.8
330030,"Santo Domingo, Ad.",33&deg 39' 22'' S,77,2023,11,24,13.1,18.2
330030,"Santo Domingo, Ad.",33&deg 39' 22'' S,77,2023,11,25,12.4,15.8
330030,"Santo Domingo, Ad.",33&deg 39' 22'' S,77,2023,11,26,11.6,16.3
330030,"Santo Domingo, Ad.",33&deg 39' 22'' S,77,2023,11,27,12.6,16.9
330030,"Santo Domingo, Ad.",33&deg 39' 22'' S,77,2023,11,28,13.5,18.4
330030,"Santo Domingo, Ad.",33&deg 39' 22'' S,77,2023,11,29,6.8,20.2
330030,"Santo Domingo, Ad.",33&deg 39' 22'' S,77,2023,11,30,7.9,15.0
330031,"Juan Fernández, Estación Meteorológica.",33&deg 38' 9'' S,40,2023,11,1,10.2,14.9
330031,"Juan Fernández, Estación Meteorológica.",33&deg 38' 9'' S,40,2023,11,2,8.4,14.7
330031,"Juan Fernández, Estación Meteorológica.",33&deg 38' 9'' S,40,2023,11,3,11.6,14.7
330031,"Juan Fernández, Estación Meteorológica.",33&deg 38' 9'' S,40,2023,11,4,11.5,16.4
330031,"Juan Fernández, Estación Meteorológica.",33&deg 38' 9'' S,40,2023,11,5,11.0,16.6
330031,"Juan Fernández, Estación Meteorológica.",33&deg 38' 9'' S,40,2023,11,6,13.4,17.6
330031,"Juan Fernández, Estación Meteorológica.",33&deg 38' 9'' S,40,2023,11,7,10.4,15.9
330031,"Juan Fernández, Estación Meteorológica.",33&deg 38' 9'' S,40,2023,11,8,12.4,14.9
330031,"Juan Fernández, Estación Meteorológica.",33&deg 38' 9'' S,40,2023,11,9,11.3,14.9
330031,"Juan Fernández, Estación Meteorológica.",33&deg 38' 9'' S,40,2023,11,10,10.1,15.5
330031,"Juan Fernández, Estación Meteorológica.",33&deg 38' 9'' S,40,2023,11,11,10.3,14.4
330031,"Juan Fernández, Estación Meteorológica.",33&deg 38' 9'' S,40,2023,11,12,7.8,14.1
330031,"Juan Fernández, Estación Meteorológica.",33&deg 38' 9'' S,40,2023,11,13,10.0,14.7
330031,"Juan Fernández, Estación Meteorológica.",33&deg 38' 9'' S,40,2023,11,14,11.3,15.3
330031,"Juan Fernández, Estación Meteorológica.",33&deg 38' 9'' S,40,2023,11,15,10.4,15.1
330031,"Juan Fernández, Estación Meteorológica.",33&deg 38' 9'' S,40,2023,11,16,11.2,16.2
330031,"Juan Fernández, Estación Meteorológica.",33&deg 38' 9'' S,40,2023,11,17,13.8,17.5
330031,"Juan Fernández, Estación Meteorológica.",33&deg 38' 9'' S,40,2023,11,18,11.5,17.4
330031,"Juan Fernández, Estación Meteorológica.",33&deg 38' 9'' S,40,2023,11,19,11.3,16.3
330031,"Juan Fernández, Estación Meteorológica.",33&deg 38' 9'' S,40,2023,11,20,13.2,18.1
330031,"Juan Fernández, Estación Meteorológica.",33&deg 38' 9'' S,40,2023,11,21,11.6,18.5
330031,"Juan Fernández, Estación Meteorológica.",33&deg 38' 9'' S,40,2023,11,22,12.4,16.5
330031,"Juan Fernández, Estación Meteorológica.",33&deg 38' 9'' S,40,2023,11,23,12.7,15.5
330031,"Juan Fernández, Estación Meteorológica.",33&deg 38' 9'' S,40,2023,11,24,12.1,14.2
330031,"Juan Fernández, Estación Meteorológica.",33&deg 38' 9'' S,40,2023,11,25,11.9,15.6
330031,"Juan Fernández, Estación Meteorológica.",33&deg 38' 9'' S,40,2023,11,26,12.0,17.7
330031,"Juan Fernández, Estación Meteorológica.",33&deg 38' 9'' S,40,2023,11,27,11.6,18.9
330031,"Juan Fernández, Estación Meteorológica.",33&deg 38' 9'' S,40,2023,11,28,13.1,16.9
330031,"Juan Fernández, Estación Meteorológica.",33&deg 38' 9'' S,40,2023,11,29,13.1,19.1
330031,"Juan Fernández, Estación Meteorológica.",33&deg 38' 9'' S,40,2023,11,30,13.6,17.3
340031,"General Freire, Curicó Ad.",34&deg 58' 10'' S,229,2023,11,1,8.3,14.3
340031,"General Freire, Curicó Ad.",34&deg 58' 10'' S,229,2023,11,2,5.5,21.1
340031,"General Freire, Curicó Ad.",34&deg 58' 10'' S,229,2023,11,3,6.5,25.4
340031,"General Freire, Curicó Ad.",34&deg 58' 10'' S,229,2023,11,4,9.4,24.8
340031,"General Freire, Curicó Ad.",34&deg 58' 10'' S,229,2023,11,5,11.5,19.1
340031,"General Freire, Curicó Ad.",34&deg 58' 10'' S,229,2023,11,6,9.0,23.5
340031,"General Freire, Curicó Ad.",34&deg 58' 10'' S,229,2023,11,7,12.3,23.0
340031,"General Freire, Curicó Ad.",34&deg 58' 10'' S,229,2023,11,8,8.8,24.6
340031,"General Freire, Curicó Ad.",34&deg 58' 10'' S,229,2023,11,9,9.7,28.5
340031,"General Freire, Curicó Ad.",34&deg 58' 10'' S,229,2023,11,10,10.3,13.4
340031,"General Freire, Curicó Ad.",34&deg 58' 10'' S,229,2023,11,11,8.9,13.9
340031,"General Freire, Curicó Ad.",34&deg 58' 10'' S,229,2023,11,12,7.3,17.2
340031,"General Freire, Curicó Ad.",34&deg 58' 10'' S,229,2023,11,13,6.4,20.7
340031,"General Freire, Curicó Ad.",34&deg 58' 10'' S,229,2023,11,14,7.0,20.7
340031,"General Freire, Curicó Ad.",34&deg 58' 10'' S,229,2023,11,15,6.8,20.9
340031,"General Freire, Curicó Ad.",34&deg 58' 10'' S,229,2023,11,16,6.5,23.8
340031,"General Freire, Curicó Ad.",34&deg 58' 10'' S,229,2023,11,17,10.1,14.3
340031,"General Freire, Curicó Ad.",34&deg 58' 10'' S,229,2023,11,18,8.1,18.6
340031,"General Freire, Curicó Ad.",34&deg 58' 10'' S,229,2023,11,19,9.8,27.3
340031,"General Freire, Curicó Ad.",34&deg 58' 10'' S,229,2023,11,20,9.6,23.2
340031,"General Freire, Curicó Ad.",34&deg 58' 10'' S,229,2023,11,21,11.9,23.0
340031,"General Freire, Curicó Ad.",34&deg 58' 10'' S,229,2023,11,22,8.6,23.6
340031,"General Freire, Curicó Ad.",34&deg 58' 10'' S,229,2023,11,23,8.4,28.3
340031,"General Freire, Curicó Ad.",34&deg 58' 10'' S,229,2023,11,24,13.2,27.7
340031,"General Freire, Curicó Ad.",34&deg 58' 10'' S,229,2023,11,25,12.1,25.2
340031,"General Freire, Curicó Ad.",34&deg 58' 10'' S,229,2023,11,26,11.1,29.3
340031,"General Freire, Curicó Ad.",34&deg 58' 10'' S,229,2023,11,27,11.6,20.5
340031,"General Freire, Curicó Ad.",34&deg 58' 10'' S,229,2023,11,28,13.2,23.2
340031,"General Freire, Curicó Ad.",34&deg 58' 10'' S,229,2023,11,29,11.2,27.0
340031,"General Freire, Curicó Ad.",34&deg 58' 10'' S,229,2023,11,30,12.3,29.0
360011,"General Bernardo O'Higgins, Chillán Ad.",36&deg 35' 9'' S,155,2023,11,1,5.8,17.5
360011,"General Bernardo O'Higgins, Chillán Ad.",36&deg 35' 9'' S,155,2023,11,2,3.9,20.0
360011,"General Bernardo O'Higgins, Chillán Ad.",36&deg 35' 9'' S,155,2023,11,3,3.5,23.4
360011,"General Bernardo O'Higgins, Chillán Ad.",36&deg 35' 9'' S,155,2023,11,4,6.2,24.1
360011,"General Bernardo O'Higgins, Chillán Ad.",36&deg 35' 9'' S,155,2023,11,5,8.8,15.8
360011,"General Bernardo O'Higgins, Chillán Ad.",36&deg 35' 9'' S,155,2023,11,6,7.7,18.9
360011,"General Bernardo O'Higgins, Chillán Ad.",36&deg 35' 9'' S,155,2023,11,7,9.7,19.7
360011,"General Bernardo O'Higgins, Chillán Ad.",36&deg 35' 9'' S,155,2023,11,8,6.0,22.5
360011,"General Bernardo O'Higgins, Chillán Ad.",36&deg 35' 9'' S,155,2023,11,9,6.8,24.2
360011,"General Bernardo O'Higgins, Chillán Ad.",36&deg 35' 9'' S,155,2023,11,10,4.8,15.6
360011,"General Bernardo O'Higgins, Chillán Ad.",36&deg 35' 9'' S,155,2023,11,11,8.6,13.6
360011,"General Bernardo O'Higgins, Chillán Ad.",36&deg 35' 9'' S,155,2023,11,12,1.6,16.9
360011,"General Bernardo O'Higgins, Chillán Ad.",36&deg 35' 9'' S,155,2023,11,13,2.3,19.5
360011,"General Bernardo O'Higgins, Chillán Ad.",36&deg 35' 9'' S,155,2023,11,14,5.9,19.6
360011,"General Bernardo O'Higgins, Chillán Ad.",36&deg 35' 9'' S,155,2023,11,15,4.5,17.7
360011,"General Bernardo O'Higgins, Chillán Ad.",36&deg 35' 9'' S,155,2023,11,16,3.6,20.0
360011,"General Bernardo O'Higgins, Chillán Ad.",36&deg 35' 9'' S,155,2023,11,17,10.1,15.2
360011,"General Bernardo O'Higgins, Chillán Ad.",36&deg 35' 9'' S,155,2023,11,18,8.8,17.3
360011,"General Bernardo O'Higgins, Chillán Ad.",36&deg 35' 9'' S,155,2023,11,19,4.3,24.8
360011,"General Bernardo O'Higgins, Chillán Ad.",36&deg 35' 9'' S,155,2023,11,20,10.1,21.3
360011,"General Bernardo O'Higgins, Chillán Ad.",36&deg 35' 9'' S,155,2023,11,21,8.1,21.6
360011,"General Bernardo O'Higgins, Chillán Ad.",36&deg 35' 9'' S,155,2023,11,22,8.0,21.5
360011,"General Bernardo O'Higgins, Chillán Ad.",36&deg 35' 9'' S,155,2023,11,23,6.8,27.7
360011,"General Bernardo O'Higgins, Chillán Ad.",36&deg 35' 9'' S,155,2023,11,24,8.4,28.8
360011,"General Bernardo O'Higgins, Chillán Ad.",36&deg 35' 9'' S,155,2023,11,25,8.5,24.6
360011,"General Bernardo O'Higgins, Chillán Ad.",36&deg 35' 9'' S,155,2023,11,26,12.3,26.9
360011,"General Bernardo O'Higgins, Chillán Ad.",36&deg 35' 9'' S,155,2023,11,27,8.4,23.0
360011,"General Bernardo O'Higgins, Chillán Ad.",36&deg 35' 9'' S,155,2023,11,28,11.7,22.0
360011,"General Bernardo O'Higgins, Chillán Ad.",36&deg 35' 9'' S,155,2023,11,29,7.6,25.7
360011,"General Bernardo O'Higgins, Chillán Ad.",36&deg 35' 9'' S,155,2023,11,30,9.2,27.6
360019,"Carriel Sur, Concepción Ap.",36&deg 46' 50'' S,13,2023,11,1,5.9,16.1
360019,"Carriel Sur, Concepción Ap.",36&deg 46' 50'' S,13,2023,11,2,5.5,16.4
360019,"Carriel Sur, Concepción Ap.",36&deg 46' 50'' S,13,2023,11,3,6.8,19.6
360019,"Carriel Sur, Concepción Ap.",36&deg 46' 50'' S,13,2023,11,4,8.9,17.7
360019,"Carriel Sur, Concepción Ap.",36&deg 46' 50'' S,13,2023,11,5,11.8,15.7
360019,"Carriel Sur, Concepción Ap.",36&deg 46' 50'' S,13,2023,11,6,9.1,16.3
360019,"Carriel Sur, Concepción Ap.",36&deg 46' 50'' S,13,2023,11,7,11.1,16.8
360019,"Carriel Sur, Concepción Ap.",36&deg 46' 50'' S,13,2023,11,8,7.3,18.8
360019,"Carriel Sur, Concepción Ap.",36&deg 46' 50'' S,13,2023,11,9,8.4,19.5
360019,"Carriel Sur, Concepción Ap.",36&deg 46' 50'' S,13,2023,11,10,10.9,14.6
360019,"Carriel Sur, Concepción Ap.",36&deg 46' 50'' S,13,2023,11,11,9.8,14.3
360019,"Carriel Sur, Concepción Ap.",36&deg 46' 50'' S,13,2023,11,12,3.8,15.2
360019,"Carriel Sur, Concepción Ap.",36&deg 46' 50'' S,13,2023,11,13,4.1,15.5
360019,"Carriel Sur, Concepción Ap.",36&deg 46' 50'' S,13,2023,11,14,5.9,16.3
360019,"Carriel Sur, Concepción Ap.",36&deg 46' 50'' S,13,2023,11,15,4.8,15.4
360019,"Carriel Sur, Concepción Ap.",36&deg 46' 50'' S,13,2023,11,16,7.1,15.9
360019,"Carriel Sur, Concepción Ap.",36&deg 46' 50'' S,13,2023,11,17,12.0,15.9
360019,"Carriel Sur, Concepción Ap.",36&deg 46' 50'' S,13,2023,11,18,9.6,16.2
360019,"Carriel Sur, Concepción Ap.",36&deg 46' 50'' S,13,2023,11,19,6.9,17.3
360019,"Carriel Sur, Concepción Ap.",36&deg 46' 50'' S,13,2023,11,20,12.7,17.5
360019,"Carriel Sur, Concepción Ap.",36&deg 46' 50'' S,13,2023,11,21,7.3,17.4
360019,"Carriel Sur, Concepción Ap.",36&deg 46' 50'' S,13,2023,11,22,9.2,18.1
360019,"Carriel Sur, Concepción Ap.",36&deg 46' 50'' S,13,2023,11,23,7.6,21.6
360019,"Carriel Sur, Concepción Ap.",36&deg 46' 50'' S,13,2023,11,24,10.1,17.6
360019,"Carriel Sur, Concepción Ap.",36&deg 46' 50'' S,13,2023,11,25,11.9,18.9
360019,"Carriel Sur, Concepción Ap.",36&deg 46' 50'' S,13,2023,11,26,10.5,22.0
360019,"Carriel Sur, Concepción Ap.",36&deg 46' 50'' S,13,2023,11,27,12.8,15.5
360019,"Carriel Sur, Concepción Ap.",36&deg 46' 50'' S,13,2023,11,28,12.9,18.7
360019,"Carriel Sur, Concepción Ap.",36&deg 46' 50'' S,13,2023,11,29,8.3,19.6
360019,"Carriel Sur, Concepción Ap.",36&deg 46' 50'' S,13,2023,11,30,10.2,18.6
370033,"María Dolores, Los Angeles Ad.",37&deg 23' 49'' S,118,2023,11,1,7.8,17.5
370033,"María Dolores, Los Angeles Ad.",37&deg 23' 49'' S,118,2023,11,2,4.6,20.8
370033,"María Dolores, Los Angeles Ad.",37&deg 23' 49'' S,118,2023,11,3,2.2,23.0
370033,"María Dolores, Los Angeles Ad.",37&deg 23' 49'' S,118,2023,11,4,7.8,26.7
370033,"María Dolores, Los Angeles Ad.",37&deg 23' 49'' S,118,2023,11,5,8.9,15.9
370033,"María Dolores, Los Angeles Ad.",37&deg 23' 49'' S,118,2023,11,6,8.4,20.2
370033,"María Dolores, Los Angeles Ad.",37&deg 23' 49'' S,118,2023,11,7,9.6,19.8
370033,"María Dolores, Los Angeles Ad.",37&deg 23' 49'' S,118,2023,11,8,7.1,21.8
370033,"María Dolores, Los Angeles Ad.",37&deg 23' 49'' S,118,2023,11,9,9.1,26.3
370033,"María Dolores, Los Angeles Ad.",37&deg 23' 49'' S,118,2023,11,10,5.8,17.7
370033,"María Dolores, Los Angeles Ad.",37&deg 23' 49'' S,118,2023,11,11,8.4,15.2
370033,"María Dolores, Los Angeles Ad.",37&deg 23' 49'' S,118,2023,11,12,0.3,15.9
370033,"María Dolores, Los Angeles Ad.",37&deg 23' 49'' S,118,2023,11,13,3.0,19.1
370033,"María Dolores, Los Angeles Ad.",37&deg 23' 49'' S,118,2023,11,14,4.6,18.6
370033,"María Dolores, Los Angeles Ad.",37&deg 23' 49'' S,118,2023,11,15,2.3,18.4
370033,"María Dolores, Los Angeles Ad.",37&deg 23' 49'' S,118,2023,11,16,1.2,17.8
370033,"María Dolores, Los Angeles Ad.",37&deg 23' 49'' S,118,2023,11,17,10.4,16.2
370033,"María Dolores, Los Angeles Ad.",37&deg 23' 49'' S,118,2023,11,18,8.0,16.2
370033,"María Dolores, Los Angeles Ad.",37&deg 23' 49'' S,118,2023,11,19,2.3,25.1
370033,"María Dolores, Los Angeles Ad.",37&deg 23' 49'' S,118,2023,11,20,10.8,19.9
370033,"María Dolores, Los Angeles Ad.",37&deg 23' 49'' S,118,2023,11,21,2.3,21.7
370033,"María Dolores, Los Angeles Ad.",37&deg 23' 49'' S,118,2023,11,22,7.5,20.5
370033,"María Dolores, Los Angeles Ad.",37&deg 23' 49'' S,118,2023,11,23,8.0,26.3
370033,"María Dolores, Los Angeles Ad.",37&deg 23' 49'' S,118,2023,11,24,8.8,29.6
370033,"María Dolores, Los Angeles Ad.",37&deg 23' 49'' S,118,2023,11,25,10.7,26.1
370033,"María Dolores, Los Angeles Ad.",37&deg 23' 49'' S,118,2023,11,26,9.5,29.5
370033,"María Dolores, Los Angeles Ad.",37&deg 23' 49'' S,118,2023,11,27,10.1,24.1
370033,"María Dolores, Los Angeles Ad.",37&deg 23' 49'' S,118,2023,11,28,12.4,23.3
370033,"María Dolores, Los Angeles Ad.",37&deg 23' 49'' S,118,2023,11,29,7.4,25.2
370033,"María Dolores, Los Angeles Ad.",37&deg 23' 49'' S,118,2023,11,30,9.5,28.6
380013,"Maquehue, Temuco Ad.",38&deg 46' 4'' S,86,2023,11,1,5.8,15.6
380013,"Maquehue, Temuco Ad.",38&deg 46' 4'' S,86,2023,11,2,4.2,19.2
380013,"Maquehue, Temuco Ad.",38&deg 46' 4'' S,86,2023,11,3,2.8,19.5
380013,"Maquehue, Temuco Ad.",38&deg 46' 4'' S,86,2023,11,4,2.4,17.8
380013,"Maquehue, Temuco Ad.",38&deg 46' 4'' S,86,2023,11,5,10.0,15.8
380013,"Maquehue, Temuco Ad.",38&deg 46' 4'' S,86,2023,11,6,10.4,14.2
380013,"Maquehue, Temuco Ad.",38&deg 46' 4'' S,86,2023,11,7,7.8,17.7
380013,"Maquehue, Temuco Ad.",38&deg 46' 4'' S,86,2023,11,8,2.7,11.5
380013,"Maquehue, Temuco Ad.",38&deg 46' 4'' S,86,2023,11,9,2.8,20.7
380013,"Maquehue, Temuco Ad.",38&deg 46' 4'' S,86,2023,11,10,8.6,18.6
380013,"Maquehue, Temuco Ad.",38&deg 46' 4'' S,86,2023,11,11,5.5,13.0
380013,"Maquehue, Temuco Ad.",38&deg 46' 4'' S,86,2023,11,12,-0.7,14.0
380013,"Maquehue, Temuco Ad.",38&deg 46' 4'' S,86,2023,11,13,0.2,15.8
380013,"Maquehue, Temuco Ad.",38&deg 46' 4'' S,86,2023,11,14,4.6,14.0
380013,"Maquehue, Temuco Ad.",38&deg 46' 4'' S,86,2023,11,15,1.1,13.7
380013,"Maquehue, Temuco Ad.",38&deg 46' 4'' S,86,2023,11,16,8.1,13.8
380013,"Maquehue, Temuco Ad.",38&deg 46' 4'' S,86,2023,11,17,7.6,12.8
380013,"Maquehue, Temuco Ad.",38&deg 46' 4'' S,86,2023,11,18,7.3,13.4
380013,"Maquehue, Temuco Ad.",38&deg 46' 4'' S,86,2023,11,19,9.5,22.8
380013,"Maquehue, Temuco Ad.",38&deg 46' 4'' S,86,2023,11,20,10.0,18.1
380013,"Maquehue, Temuco Ad.",38&deg 46' 4'' S,86,2023,11,21,4.6,17.1
380013,"Maquehue, Temuco Ad.",38&deg 46' 4'' S,86,2023,11,22,4.5,17.1
380013,"Maquehue, Temuco Ad.",38&deg 46' 4'' S,86,2023,11,23,2.7,22.6
380013,"Maquehue, Temuco Ad.",38&deg 46' 4'' S,86,2023,11,24,6.8,23.4
380013,"Maquehue, Temuco Ad.",38&deg 46' 4'' S,86,2023,11,25,10.2,19.8
380013,"Maquehue, Temuco Ad.",38&deg 46' 4'' S,86,2023,11,26,8.6,25.7
380013,"Maquehue, Temuco Ad.",38&deg 46' 4'' S,86,2023,11,27,8.4,16.1
380013,"Maquehue, Temuco Ad.",38&deg 46' 4'' S,86,2023,11,28,11.1,18.2
380013,"Maquehue, Temuco Ad.",38&deg 46' 4'' S,86,2023,11,29,2.6,19.5
380013,"Maquehue, Temuco Ad.",38&deg 46' 4'' S,86,2023,11,30,5.3,21.0
390006,"Pichoy, Valdivia Ad.",39&deg 39' 24'' S,18,2023,11,1,5.2,17.7
390006,"Pichoy, Valdivia Ad.",39&deg 39' 24'' S,18,2023,11,2,2.7,19.0
390006,"Pichoy, Valdivia Ad.",39&deg 39' 24'' S,18,2023,11,3,2.7,18.3
390006,"Pichoy, Valdivia Ad.",39&deg 39' 24'' S,18,2023,11,4,1.6,17.7
390006,"Pichoy, Valdivia Ad.",39&deg 39' 24'' S,18,2023,11,5,11.2,15.7
390006,"Pichoy, Valdivia Ad.",39&deg 39' 24'' S,18,2023,11,6,11.5,13.8
390006,"Pichoy, Valdivia Ad.",39&deg 39' 24'' S,18,2023,11,7,9.4,15.4
390006,"Pichoy, Valdivia Ad.",39&deg 39' 24'' S,18,2023,11,8,8.0,17.9
390006,"Pichoy, Valdivia Ad.",39&deg 39' 24'' S,18,2023,11,9,2.9,22.0
390006,"Pichoy, Valdivia Ad.",39&deg 39' 24'' S,18,2023,11,10,5.0,14.5
390006,"Pichoy, Valdivia Ad.",39&deg 39' 24'' S,18,2023,11,11,6.6,11.4
390006,"Pichoy, Valdivia Ad.",39&deg 39' 24'' S,18,2023,11,12,-0.3,12.7
390006,"Pichoy, Valdivia Ad.",39&deg 39' 24'' S,18,2023,11,13,0.2,14.7
390006,"Pichoy, Valdivia Ad.",39&deg 39' 24'' S,18,2023,11,14,1.4,14.0
390006,"Pichoy, Valdivia Ad.",39&deg 39' 24'' S,18,2023,11,15,2.1,13.2
390006,"Pichoy, Valdivia Ad.",39&deg 39' 24'' S,18,2023,11,16,9.9,12.8
390006,"Pichoy, Valdivia Ad.",39&deg 39' 24'' S,18,2023,11,17,7.2,12.7
390006,"Pichoy, Valdivia Ad.",39&deg 39' 24'' S,18,2023,11,18,5.8,11.9
390006,"Pichoy, Valdivia Ad.",39&deg 39' 24'' S,18,2023,11,19,10.3,16.0
390006,"Pichoy, Valdivia Ad.",39&deg 39' 24'' S,18,2023,11,20,10.2,16.4
390006,"Pichoy, Valdivia Ad.",39&deg 39' 24'' S,18,2023,11,21,8.7,16.8
390006,"Pichoy, Valdivia Ad.",39&deg 39' 24'' S,18,2023,11,22,6.3,17.2
390006,"Pichoy, Valdivia Ad.",39&deg 39' 24'' S,18,2023,11,23,3.5,22.9
390006,"Pichoy, Valdivia Ad.",39&deg 39' 24'' S,18,2023,11,24,4.6,23.7
390006,"Pichoy, Valdivia Ad.",39&deg 39' 24'' S,18,2023,11,25,5.9,22.2
390006,"Pichoy, Valdivia Ad.",39&deg 39' 24'' S,18,2023,11,26,5.4,26.3
390006,"Pichoy, Valdivia Ad.",39&deg 39' 24'' S,18,2023,11,27,8.2,20.4
390006,"Pichoy, Valdivia Ad.",39&deg 39' 24'' S,18,2023,11,28,11.9,18.2
390006,"Pichoy, Valdivia Ad.",39&deg 39' 24'' S,18,2023,11,29,6.0,17.1
390006,"Pichoy, Valdivia Ad.",39&deg 39' 24'' S,18,2023,11,30,4.5,19.9
400009,"Cañal Bajo,  Osorno Ad.",40&deg 36' 52'' S,61,2023,11,1,6.6,18.0
400009,"Cañal Bajo,  Osorno Ad.",40&deg 36' 52'' S,61,2023,11,2,0.6,18.1
400009,"Cañal Bajo,  Osorno Ad.",40&deg 36' 52'' S,61,2023,11,3,1.3,18.0
400009,"Cañal Bajo,  Osorno Ad.",40&deg 36' 52'' S,61,2023,11,4,3.0,18.4
400009,"Cañal Bajo,  Osorno Ad.",40&deg 36' 52'' S,61,2023,11,5,11.4,15.6
400009,"Cañal Bajo,  Osorno Ad.",40&deg 36' 52'' S,61,2023,11,6,11.2,13.0
400009,"Cañal Bajo,  Osorno Ad.",40&deg 36' 52'' S,61,2023,11,7,8.7,16.2
400009,"Cañal Bajo,  Osorno Ad.",40&deg 36' 52'' S,61,2023,11,8,9.2,16.0
400009,"Cañal Bajo,  Osorno Ad.",40&deg 36' 52'' S,61,2023,11,9,4.1,18.8
400009,"Cañal Bajo,  Osorno Ad.",40&deg 36' 52'' S,61,2023,11,10,1.6,15.5
400009,"Cañal Bajo,  Osorno Ad.",40&deg 36' 52'' S,61,2023,11,11,6.9,11.7
400009,"Cañal Bajo,  Osorno Ad.",40&deg 36' 52'' S,61,2023,11,12,-0.8,13.3
400009,"Cañal Bajo,  Osorno Ad.",40&deg 36' 52'' S,61,2023,11,13,1.0,13.6
400009,"Cañal Bajo,  Osorno Ad.",40&deg 36' 52'' S,61,2023,11,14,-1.0,13.0
400009,"Cañal Bajo,  Osorno Ad.",40&deg 36' 52'' S,61,2023,11,15,5.8,14.2
400009,"Cañal Bajo,  Osorno Ad.",40&deg 36' 52'' S,61,2023,11,16,9.5,14.9
400009,"Cañal Bajo,  Osorno Ad.",40&deg 36' 52'' S,61,2023,11,17,7.3,13.6
400009,"Cañal Bajo,  Osorno Ad.",40&deg 36' 52'' S,61,2023,11,18,6.6,15.9
400009,"Cañal Bajo,  Osorno Ad.",40&deg 36' 52'' S,61,2023,11,19,10.1,16.9
400009,"Cañal Bajo,  Osorno Ad.",40&deg 36' 52'' S,61,2023,11,20,5.3,15.6
400009,"Cañal Bajo,  Osorno Ad.",40&deg 36' 52'' S,61,2023,11,21,7.6,17.8
400009,"Cañal Bajo,  Osorno Ad.",40&deg 36' 52'' S,61,2023,11,22,7.4,15.9
400009,"Cañal Bajo,  Osorno Ad.",40&deg 36' 52'' S,61,2023,11,23,4.3,19.5
400009,"Cañal Bajo,  Osorno Ad.",40&deg 36' 52'' S,61,2023,11,24,7.4,20.8
400009,"Cañal Bajo,  Osorno Ad.",40&deg 36' 52'' S,61,2023,11,25,5.6,17.3
400009,"Cañal Bajo,  Osorno Ad.",40&deg 36' 52'' S,61,2023,11,26,5.1,23.4
400009,"Cañal Bajo,  Osorno Ad.",40&deg 36' 52'' S,61,2023,11,27,7.2,20.9
400009,"Cañal Bajo,  Osorno Ad.",40&deg 36' 52'' S,61,2023,11,28,9.5,19.9
400009,"Cañal Bajo,  Osorno Ad.",40&deg 36' 52'' S,61,2023,11,29,6.3,16.7
400009,"Cañal Bajo,  Osorno Ad.",40&deg 36' 52'' S,61,2023,11,30,4.2,20.4
410005,El Tepual  Puerto Montt Ap.,41&deg 26' 51'' S,87,2023,11,1,5.0,17.2
410005,El Tepual  Puerto Montt Ap.,41&deg 26' 51'' S,87,2023,11,2,2.2,17.8
410005,El Tepual  Puerto Montt Ap.,41&deg 26' 51'' S,87,2023,11,3,3.9,16.2
410005,El Tepual  Puerto Montt Ap.,41&deg 26' 51'' S,87,2023,11,4,3.5,15.2
410005,El Tepual  Puerto Montt Ap.,41&deg 26' 51'' S,87,2023,11,5,7.8,14.8
410005,El Tepual  Puerto Montt Ap.,41&deg 26' 51'' S,87,2023,11,6,11.1,13.3
410005,El Tepual  Puerto Montt Ap.,41&deg 26' 51'' S,87,2023,11,7,8.8,16.3
410005,El Tepual  Puerto Montt Ap.,41&deg 26' 51'' S,87,2023,11,8,7.7,14.7
410005,El Tepual  Puerto Montt Ap.,41&deg 26' 51'' S,87,2023,11,9,2.6,15.2
410005,El Tepual  Puerto Montt Ap.,41&deg 26' 51'' S,87,2023,11,10,1.8,16.5
410005,El Tepual  Puerto Montt Ap.,41&deg 26' 51'' S,87,2023,11,11,6.5,10.4
410005,El Tepual  Puerto Montt Ap.,41&deg 26' 51'' S,87,2023,11,12,1.6,12.1
410005,El Tepual  Puerto Montt Ap.,41&deg 26' 51'' S,87,2023,11,13,3.3,11.4
410005,El Tepual  Puerto Montt Ap.,41&deg 26' 51'' S,87,2023,11,14,0.5,12.5
410005,El Tepual  Puerto Montt Ap.,41&deg 26' 51'' S,87,2023,11,15,5.9,12.2
410005,El Tepual  Puerto Montt Ap.,41&deg 26' 51'' S,87,2023,11,16,8.0,13.4
410005,El Tepual  Puerto Montt Ap.,41&deg 26' 51'' S,87,2023,11,17,6.4,10.5
410005,El Tepual  Puerto Montt Ap.,41&deg 26' 51'' S,87,2023,11,18,5.5,12.6
410005,El Tepual  Puerto Montt Ap.,41&deg 26' 51'' S,87,2023,11,19,9.5,15.7
410005,El Tepual  Puerto Montt Ap.,41&deg 26' 51'' S,87,2023,11,20,7.8,14.9
410005,El Tepual  Puerto Montt Ap.,41&deg 26' 51'' S,87,2023,11,21,7.5,15.6
410005,El Tepual  Puerto Montt Ap.,41&deg 26' 51'' S,87,2023,11,22,7.6,14.0
410005,El Tepual  Puerto Montt Ap.,41&deg 26' 51'' S,87,2023,11,23,5.1,16.2
410005,El Tepual  Puerto Montt Ap.,41&deg 26' 51'' S,87,2023,11,24,5.7,18.2
410005,El Tepual  Puerto Montt Ap.,41&deg 26' 51'' S,87,2023,11,25,7.8,15.1
410005,El Tepual  Puerto Montt Ap.,41&deg 26' 51'' S,87,2023,11,26,6.2,18.6
410005,El Tepual  Puerto Montt Ap.,41&deg 26' 51'' S,87,2023,11,27,7.4,20.6
410005,El Tepual  Puerto Montt Ap.,41&deg 26' 51'' S,87,2023,11,28,9.3,17.5
410005,El Tepual  Puerto Montt Ap.,41&deg 26' 51'' S,87,2023,11,29,9.0,14.3
410005,El Tepual  Puerto Montt Ap.,41&deg 26' 51'' S,87,2023,11,30,9.6,18.1
430002,Futaleufú Ad.,43&deg 11' 20'' S,347,2023,11,1,0.3,16.1
430002,Futaleufú Ad.,43&deg 11' 20'' S,347,2023,11,2,0.7,15.8
430002,Futaleufú Ad.,43&deg 11' 20'' S,347,2023,11,3,8.3,13.9
430002,Futaleufú Ad.,43&deg 11' 20'' S,347,2023,11,4,5.0,12.9
430002,Futaleufú Ad.,43&deg 11' 20'' S,347,2023,11,5,6.5,9.2
430002,Futaleufú Ad.,43&deg 11' 20'' S,347,2023,11,6,6.6,15.6
430002,Futaleufú Ad.,43&deg 11' 20'' S,347,2023,11,7,5.8,13.9
430002,Futaleufú Ad.,43&deg 11' 20'' S,347,2023,11,8,5.5,15.6
430002,Futaleufú Ad.,43&deg 11' 20'' S,347,2023,11,9,1.7,20.5
430002,Futaleufú Ad.,43&deg 11' 20'' S,347,2023,11,10,2.9,17.7
430002,Futaleufú Ad.,43&deg 11' 20'' S,347,2023,11,11,2.2,7.5
430002,Futaleufú Ad.,43&deg 11' 20'' S,347,2023,11,12,1.2,10.3
430002,Futaleufú Ad.,43&deg 11' 20'' S,347,2023,11,13,4.9,9.6
430002,Futaleufú Ad.,43&deg 11' 20'' S,347,2023,11,14,3.5,9.7
430002,Futaleufú Ad.,43&deg 11' 20'' S,347,2023,11,15,5.3,12.1
430002,Futaleufú Ad.,43&deg 11' 20'' S,347,2023,11,16,5.6,10.2
430002,Futaleufú Ad.,43&deg 11' 20'' S,347,2023,11,17,3.8,6.7
430002,Futaleufú Ad.,43&deg 11' 20'' S,347,2023,11,18,4.3,11.7
430002,Futaleufú Ad.,43&deg 11' 20'' S,347,2023,11,19,9.6,15.4
430002,Futaleufú Ad.,43&deg 11' 20'' S,347,2023,11,20,5.4,8.8
430002,Futaleufú Ad.,43&deg 11' 20'' S,347,2023,11,21,5.6,13.4
430002,Futaleufú Ad.,43&deg 11' 20'' S,347,2023,11,22,7.2,14.1
430002,Futaleufú Ad.,43&deg 11' 20'' S,347,2023,11,23,4.8,21.4
430002,Futaleufú Ad.,43&deg 11' 20'' S,347,2023,11,24,3.7,27.9
430002,Futaleufú Ad.,43&deg 11' 20'' S,347,2023,11,25,6.8,22.8
430002,Futaleufú Ad.,43&deg 11' 20'' S,347,2023,11,26,12.5,19.4
430002,Futaleufú Ad.,43&deg 11' 20'' S,347,2023,11,27,8.9,24.9
430002,Futaleufú Ad.,43&deg 11' 20'' S,347,2023,11,28,8.3,15.1
430002,Futaleufú Ad.,43&deg 11' 20'' S,347,2023,11,29,10.3,14.9
430002,Futaleufú Ad.,43&deg 11' 20'' S,347,2023,11,30,10.6,14.8
430004,Alto Palena Ad.,43&deg 36' 42'' S,256,2023,11,3,7.4,13.2
430004,Alto Palena Ad.,43&deg 36' 42'' S,256,2023,11,4,4.8,13.8
430004,Alto Palena Ad.,43&deg 36' 42'' S,256,2023,11,5,6.1,11.6
430004,Alto Palena Ad.,43&deg 36' 42'' S,256,2023,11,6,6.4,14.5
430004,Alto Palena Ad.,43&deg 36' 42'' S,256,2023,11,7,6.8,13.1
430004,Alto Palena Ad.,43&deg 36' 42'' S,256,2023,11,8,6.2,15.3
430004,Alto Palena Ad.,43&deg 36' 42'' S,256,2023,11,9,1.3,20.1
430004,Alto Palena Ad.,43&deg 36' 42'' S,256,2023,11,10,1.5,17.9
430004,Alto Palena Ad.,43&deg 36' 42'' S,256,2023,11,11,6.9,10.1
430004,Alto Palena Ad.,43&deg 36' 42'' S,256,2023,11,12,1.9,10.6
430004,Alto Palena Ad.,43&deg 36' 42'' S,256,2023,11,13,5.5,8.4
430004,Alto Palena Ad.,43&deg 36' 42'' S,256,2023,11,14,3.1,10.0
430004,Alto Palena Ad.,43&deg 36' 42'' S,256,2023,11,15,4.8,11.8
430004,Alto Palena Ad.,43&deg 36' 42'' S,256,2023,11,16,5.0,12.1
430004,Alto Palena Ad.,43&deg 36' 42'' S,256,2023,11,17,4.7,8.7
430004,Alto Palena Ad.,43&deg 36' 42'' S,256,2023,11,18,3.9,11.8
430004,Alto Palena Ad.,43&deg 36' 42'' S,256,2023,11,19,6.1,15.3
430004,Alto Palena Ad.,43&deg 36' 42'' S,256,2023,11,20,4.6,8.7
430004,Alto Palena Ad.,43&deg 36' 42'' S,256,2023,11,21,5.9,13.1
430004,Alto Palena Ad.,43&deg 36' 42'' S,256,2023,11,22,4.9,13.8
430004,Alto Palena Ad.,43&deg 36' 42'' S,256,2023,11,23,4.7,20.5
430004,Alto Palena Ad.,43&deg 36' 42'' S,256,2023,11,24,3.0,27.6
430004,Alto Palena Ad.,43&deg 36' 42'' S,256,2023,11,25,6.9,21.5
430004,Alto Palena Ad.,43&deg 36' 42'' S,256,2023,11,26,11.5,19.5
430004,Alto Palena Ad.,43&deg 36' 42'' S,256,2023,11,27,8.4,24.7
430004,Alto Palena Ad.,43&deg 36' 42'' S,256,2023,11,28,8.4,15.2
430004,Alto Palena Ad.,43&deg 36' 42'' S,256,2023,11,29,9.8,14.3
430004,Alto Palena Ad.,43&deg 36' 42'' S,256,2023,11,30,9.0,14.0
450001,Puerto Aysén Ad.,45&deg 23' 58'' S,11,2023,11,1,1.5,19.2
450001,Puerto Aysén Ad.,45&deg 23' 58'' S,11,2023,11,2,0.8,16.5
450001,Puerto Aysén Ad.,45&deg 23' 58'' S,11,2023,11,3,7.7,13.1
450001,Puerto Aysén Ad.,45&deg 23' 58'' S,11,2023,11,4,9.0,10.6
450001,Puerto Aysén Ad.,45&deg 23' 58'' S,11,2023,11,5,5.8,8.0
450001,Puerto Aysén Ad.,45&deg 23' 58'' S,11,2023,11,6,7.9,12.9
450001,Puerto Aysén Ad.,45&deg 23' 58'' S,11,2023,11,7,8.4,13.4
450001,Puerto Aysén Ad.,45&deg 23' 58'' S,11,2023,11,8,6.0,14.0
450001,Puerto Aysén Ad.,45&deg 23' 58'' S,11,2023,11,9,7.8,15.4
450001,Puerto Aysén Ad.,45&deg 23' 58'' S,11,2023,11,10,2.0,14.4
450001,Puerto Aysén Ad.,45&deg 23' 58'' S,11,2023,11,11,4.2,10.4
450001,Puerto Aysén Ad.,45&deg 23' 58'' S,11,2023,11,12,3.9,9.5
450001,Puerto Aysén Ad.,45&deg 23' 58'' S,11,2023,11,13,5.6,10.7
450001,Puerto Aysén Ad.,45&deg 23' 58'' S,11,2023,11,14,3.1,9.7
450001,Puerto Aysén Ad.,45&deg 23' 58'' S,11,2023,11,15,4.7,11.6
450001,Puerto Aysén Ad.,45&deg 23' 58'' S,11,2023,11,16,5.4,13.2
450001,Puerto Aysén Ad.,45&deg 23' 58'' S,11,2023,11,17,5.6,10.3
450001,Puerto Aysén Ad.,45&deg 23' 58'' S,11,2023,11,18,4.5,8.6
450001,Puerto Aysén Ad.,45&deg 23' 58'' S,11,2023,11,19,6.8,13.6
450001,Puerto Aysén Ad.,45&deg 23' 58'' S,11,2023,11,20,5.8,9.9
450001,Puerto Aysén Ad.,45&deg 23' 58'' S,11,2023,11,21,5.4,12.3
450001,Puerto Aysén Ad.,45&deg 23' 58'' S,11,2023,11,22,6.9,13.6
450001,Puerto Aysén Ad.,45&deg 23' 58'' S,11,2023,11,23,8.4,16.6
450001,Puerto Aysén Ad.,45&deg 23' 58'' S,11,2023,11,24,11.4,19.1
450001,Puerto Aysén Ad.,45&deg 23' 58'' S,11,2023,11,25,9.9,15.8
450001,Puerto Aysén Ad.,45&deg 23' 58'' S,11,2023,11,26,9.0,15.7
450001,Puerto Aysén Ad.,45&deg 23' 58'' S,11,2023,11,27,7.9,20.8
450001,Puerto Aysén Ad.,45&deg 23' 58'' S,11,2023,11,28,8.5,12.0
450001,Puerto Aysén Ad.,45&deg 23' 58'' S,11,2023,11,29,7.5,11.7
450001,Puerto Aysén Ad.,45&deg 23' 58'' S,11,2023,11,30,8.3,12.1
450004,"Teniente Vidal, Coyhaique Ad.",45&deg 35' 27'' S,299,2023,11,1,-2.2,19.0
450004,"Teniente Vidal, Coyhaique Ad.",45&deg 35' 27'' S,299,2023,11,2,2.6,15.2
450004,"Teniente Vidal, Coyhaique Ad.",45&deg 35' 27'' S,299,2023,11,3,6.1,14.0
450004,"Teniente Vidal, Coyhaique Ad.",45&deg 35' 27'' S,299,2023,11,4,5.5,12.1
450004,"Teniente Vidal, Coyhaique Ad.",45&deg 35' 27'' S,299,2023,11,5,1.7,14.6
450004,"Teniente Vidal, Coyhaique Ad.",45&deg 35' 27'' S,299,2023,11,6,4.6,15.3
450004,"Teniente Vidal, Coyhaique Ad.",45&deg 35' 27'' S,299,2023,11,7,6.4,13.9
450004,"Teniente Vidal, Coyhaique Ad.",45&deg 35' 27'' S,299,2023,11,8,4.5,14.4
450004,"Teniente Vidal, Coyhaique Ad.",45&deg 35' 27'' S,299,2023,11,9,5.0,16.8
450004,"Teniente Vidal, Coyhaique Ad.",45&deg 35' 27'' S,299,2023,11,10,3.1,17.2
450004,"Teniente Vidal, Coyhaique Ad.",45&deg 35' 27'' S,299,2023,11,11,6.5,11.6
450004,"Teniente Vidal, Coyhaique Ad.",45&deg 35' 27'' S,299,2023,11,12,1.8,10.6
450004,"Teniente Vidal, Coyhaique Ad.",45&deg 35' 27'' S,299,2023,11,13,2.0,9.7
450004,"Teniente Vidal, Coyhaique Ad.",45&deg 35' 27'' S,299,2023,11,14,0.5,10.9
450004,"Teniente Vidal, Coyhaique Ad.",45&deg 35' 27'' S,299,2023,11,15,3.4,10.6
450004,"Teniente Vidal, Coyhaique Ad.",45&deg 35' 27'' S,299,2023,11,16,4.6,15.5
450004,"Teniente Vidal, Coyhaique Ad.",45&deg 35' 27'' S,299,2023,11,17,4.7,11.4
450004,"Teniente Vidal, Coyhaique Ad.",45&deg 35' 27'' S,299,2023,11,18,3.0,9.4
450004,"Teniente Vidal, Coyhaique Ad.",45&deg 35' 27'' S,299,2023,11,19,4.6,14.7
450004,"Teniente Vidal, Coyhaique Ad.",45&deg 35' 27'' S,299,2023,11,20,3.7,10.4
450004,"Teniente Vidal, Coyhaique Ad.",45&deg 35' 27'' S,299,2023,11,21,3.5,12.1
450004,"Teniente Vidal, Coyhaique Ad.",45&deg 35' 27'' S,299,2023,11,22,5.4,14.1
450004,"Teniente Vidal, Coyhaique Ad.",45&deg 35' 27'' S,299,2023,11,23,4.8,19.0
450004,"Teniente Vidal, Coyhaique Ad.",45&deg 35' 27'' S,299,2023,11,24,3.5,24.9
450004,"Teniente Vidal, Coyhaique Ad.",45&deg 35' 27'' S,299,2023,11,25,7.9,17.3
450004,"Teniente Vidal, Coyhaique Ad.",45&deg 35' 27'' S,299,2023,11,26,7.7,15.8
450004,"Teniente Vidal, Coyhaique Ad.",45&deg 35' 27'' S,299,2023,11,27,5.3,23.0
450004,"Teniente Vidal, Coyhaique Ad.",45&deg 35' 27'' S,299,2023,11,28,8.1,14.7
450004,"Teniente Vidal, Coyhaique Ad.",45&deg 35' 27'' S,299,2023,11,29,6.8,13.6
450004,"Teniente Vidal, Coyhaique Ad.",45&deg 35' 27'' S,299,2023,11,30,9.2,14.6
450005,Balmaceda Ad.,45&deg 55' 6'' S,517,2023,11,1,-4.4,16.4
450005,Balmaceda Ad.,45&deg 55' 6'' S,517,2023,11,2,2.5,13.9
450005,Balmaceda Ad.,45&deg 55' 6'' S,517,2023,11,3,4.3,13.7
450005,Balmaceda Ad.,45&deg 55' 6'' S,517,2023,11,4,4.4,11.8
450005,Balmaceda Ad.,45&deg 55' 6'' S,517,2023,11,5,1.1,12.8
450005,Balmaceda Ad.,45&deg 55' 6'' S,517,2023,11,6,1.8,15.8
450005,Balmaceda Ad.,45&deg 55' 6'' S,517,2023,11,7,4.1,13.7
450005,Balmaceda Ad.,45&deg 55' 6'' S,517,2023,11,8,3.0,12.4
450005,Balmaceda Ad.,45&deg 55' 6'' S,517,2023,11,9,3.6,13.9
450005,Balmaceda Ad.,45&deg 55' 6'' S,517,2023,11,10,2.1,14.8
450005,Balmaceda Ad.,45&deg 55' 6'' S,517,2023,11,11,3.9,10.8
450005,Balmaceda Ad.,45&deg 55' 6'' S,517,2023,11,12,0.9,10.5
450005,Balmaceda Ad.,45&deg 55' 6'' S,517,2023,11,13,1.0,9.6
450005,Balmaceda Ad.,45&deg 55' 6'' S,517,2023,11,14,-0.4,9.4
450005,Balmaceda Ad.,45&deg 55' 6'' S,517,2023,11,15,2.3,9.7
450005,Balmaceda Ad.,45&deg 55' 6'' S,517,2023,11,16,3.0,15.0
450005,Balmaceda Ad.,45&deg 55' 6'' S,517,2023,11,17,2.8,12.4
450005,Balmaceda Ad.,45&deg 55' 6'' S,517,2023,11,18,2.1,11.3
450005,Balmaceda Ad.,45&deg 55' 6'' S,517,2023,11,19,3.7,14.2
450005,Balmaceda Ad.,45&deg 55' 6'' S,517,2023,11,20,2.6,9.6
450005,Balmaceda Ad.,45&deg 55' 6'' S,517,2023,11,21,2.4,11.9
450005,Balmaceda Ad.,45&deg 55' 6'' S,517,2023,11,22,4.2,12.6
450005,Balmaceda Ad.,45&deg 55' 6'' S,517,2023,11,23,5.1,17.5
450005,Balmaceda Ad.,45&deg 55' 6'' S,517,2023,11,24,-1.2,24.5
450005,Balmaceda Ad.,45&deg 55' 6'' S,517,2023,11,25,9.0,16.3
450005,Balmaceda Ad.,45&deg 55' 6'' S,517,2023,11,26,4.2,15.3
450005,Balmaceda Ad.,45&deg 55' 6'' S,517,2023,11,27,2.2,21.1
450005,Balmaceda Ad.,45&deg 55' 6'' S,517,2023,11,28,6.0,12.9
450005,Balmaceda Ad.,45&deg 55' 6'' S,517,2023,11,29,5.0,15.2
450005,Balmaceda Ad.,45&deg 55' 6'' S,517,2023,11,30,7.2,14.5
460001,Chile Chico Ad.,46&deg 35' 6'' S,311,2023,11,1,-0.9,18.2
460001,Chile Chico Ad.,46&deg 35' 6'' S,311,2023,11,2,1.6,17.8
460001,Chile Chico Ad.,46&deg 35' 6'' S,311,2023,11,3,0.4,17.3
460001,Chile Chico Ad.,46&deg 35' 6'' S,311,2023,11,4,0.4,15.9
460001,Chile Chico Ad.,46&deg 35' 6'' S,311,2023,11,5,5.3,16.2
460001,Chile Chico Ad.,46&deg 35' 6'' S,311,2023,11,6,3.1,18.6
460001,Chile Chico Ad.,46&deg 35' 6'' S,311,2023,11,7,3.0,17.3
460001,Chile Chico Ad.,46&deg 35' 6'' S,311,2023,11,8,1.3,17.2
460001,Chile Chico Ad.,46&deg 35' 6'' S,311,2023,11,9,-0.5,18.1
460001,Chile Chico Ad.,46&deg 35' 6'' S,311,2023,11,10,2.5,19.0
460001,Chile Chico Ad.,46&deg 35' 6'' S,311,2023,11,11,7.3,15.9
460001,Chile Chico Ad.,46&deg 35' 6'' S,311,2023,11,12,1.6,14.7
460001,Chile Chico Ad.,46&deg 35' 6'' S,311,2023,11,13,7.9,14.2
460001,Chile Chico Ad.,46&deg 35' 6'' S,311,2023,11,14,-2.5,14.2
460001,Chile Chico Ad.,46&deg 35' 6'' S,311,2023,11,15,3.1,12.8
460001,Chile Chico Ad.,46&deg 35' 6'' S,311,2023,11,16,5.2,19.6
460001,Chile Chico Ad.,46&deg 35' 6'' S,311,2023,11,17,2.6,14.8
460001,Chile Chico Ad.,46&deg 35' 6'' S,311,2023,11,18,2.6,14.5
460001,Chile Chico Ad.,46&deg 35' 6'' S,311,2023,11,19,5.0,16.5
460001,Chile Chico Ad.,46&deg 35' 6'' S,311,2023,11,20,4.6,13.9
460001,Chile Chico Ad.,46&deg 35' 6'' S,311,2023,11,21,2.5,16.1
460001,Chile Chico Ad.,46&deg 35' 6'' S,311,2023,11,22,2.7,17.5
460001,Chile Chico Ad.,46&deg 35' 6'' S,311,2023,11,23,3.9,26.3
460001,Chile Chico Ad.,46&deg 35' 6'' S,311,2023,11,24,2.4,28.0
460001,Chile Chico Ad.,46&deg 35' 6'' S,311,2023,11,25,5.2,22.4
460001,Chile Chico Ad.,46&deg 35' 6'' S,311,2023,11,26,3.6,18.4
460001,Chile Chico Ad.,46&deg 35' 6'' S,311,2023,11,27,3.0,22.0
460001,Chile Chico Ad.,46&deg 35' 6'' S,311,2023,11,28,10.0,17.2
460001,Chile Chico Ad.,46&deg 35' 6'' S,311,2023,11,29,9.1,18.5
460001,Chile Chico Ad.,46&deg 35' 6'' S,311,2023,11,30,12.0,18.8
470001,Lord Cochrane Ad.,47&deg 14' 38'' S,196,2023,11,1,0.2,18.5
470001,Lord Cochrane Ad.,47&deg 14' 38'' S,196,2023,11,2,2.7,16.2
470001,Lord Cochrane Ad.,47&deg 14' 38'' S,196,2023,11,3,2.4,17.4
470001,Lord Cochrane Ad.,47&deg 14' 38'' S,196,2023,11,4,7.4,12.9
470001,Lord Cochrane Ad.,47&deg 14' 38'' S,196,2023,11,5,-0.8,15.9
470001,Lord Cochrane Ad.,47&deg 14' 38'' S,196,2023,11,6,0.5,17.7
470001,Lord Cochrane Ad.,47&deg 14' 38'' S,196,2023,11,7,2.6,16.7
470001,Lord Cochrane Ad.,47&deg 14' 38'' S,196,2023,11,8,4.3,16.8
470001,Lord Cochrane Ad.,47&deg 14' 38'' S,196,2023,11,9,1.9,18.2
470001,Lord Cochrane Ad.,47&deg 14' 38'' S,196,2023,11,14,0.8,12.2
470001,Lord Cochrane Ad.,47&deg 14' 38'' S,196,2023,11,15,1.6,13.1
470001,Lord Cochrane Ad.,47&deg 14' 38'' S,196,2023,11,16,2.7,14.3
470001,Lord Cochrane Ad.,47&deg 14' 38'' S,196,2023,11,18,4.3,14.2
470001,Lord Cochrane Ad.,47&deg 14' 38'' S,196,2023,11,19,1.3,15.4
470001,Lord Cochrane Ad.,47&deg 14' 38'' S,196,2023,11,20,3.5,10.3
470001,Lord Cochrane Ad.,47&deg 14' 38'' S,196,2023,11,21,2.6,14.8
470001,Lord Cochrane Ad.,47&deg 14' 38'' S,196,2023,11,22,3.1,16.2
470001,Lord Cochrane Ad.,47&deg 14' 38'' S,196,2023,11,23,6.2,18.6
470001,Lord Cochrane Ad.,47&deg 14' 38'' S,196,2023,11,24,2.3,25.6
470001,Lord Cochrane Ad.,47&deg 14' 38'' S,196,2023,11,25,6.5,21.4
470001,Lord Cochrane Ad.,47&deg 14' 38'' S,196,2023,11,26,5.5,16.6
470001,Lord Cochrane Ad.,47&deg 14' 38'' S,196,2023,11,27,4.3,20.3
470001,Lord Cochrane Ad.,47&deg 14' 38'' S,196,2023,11,28,8.1,14.4
470001,Lord Cochrane Ad.,47&deg 14' 38'' S,196,2023,11,29,6.5,13.9
470001,Lord Cochrane Ad.,47&deg 14' 38'' S,196,2023,11,30,6.7,14.7
510005,"Teniente Gallardo, Puerto Natales Ad.",51&deg 40' 2'' S,69,2023,11,1,-3.4,15.2
510005,"Teniente Gallardo, Puerto Natales Ad.",51&deg 40' 2'' S,69,2023,11,2,6.4,14.1
510005,"Teniente Gallardo, Puerto Natales Ad.",51&deg 40' 2'' S,69,2023,11,3,3.8,13.0
510005,"Teniente Gallardo, Puerto Natales Ad.",51&deg 40' 2'' S,69,2023,11,4,3.8,11.8
510005,"Teniente Gallardo, Puerto Natales Ad.",51&deg 40' 2'' S,69,2023,11,5,2.0,14.5
510005,"Teniente Gallardo, Puerto Natales Ad.",51&deg 40' 2'' S,69,2023,11,6,6.2,15.9
510005,"Teniente Gallardo, Puerto Natales Ad.",51&deg 40' 2'' S,69,2023,11,7,6.0,11.7
510005,"Teniente Gallardo, Puerto Natales Ad.",51&deg 40' 2'' S,69,2023,11,8,-1.8,13.8
510005,"Teniente Gallardo, Puerto Natales Ad.",51&deg 40' 2'' S,69,2023,11,9,0.6,14.4
510005,"Teniente Gallardo, Puerto Natales Ad.",51&deg 40' 2'' S,69,2023,11,10,7.1,16.7
510005,"Teniente Gallardo, Puerto Natales Ad.",51&deg 40' 2'' S,69,2023,11,11,4.4,10.4
510005,"Teniente Gallardo, Puerto Natales Ad.",51&deg 40' 2'' S,69,2023,11,12,-2.6,13.8
510005,"Teniente Gallardo, Puerto Natales Ad.",51&deg 40' 2'' S,69,2023,11,13,1.5,9.8
510005,"Teniente Gallardo, Puerto Natales Ad.",51&deg 40' 2'' S,69,2023,11,14,-0.8,7.6
510005,"Teniente Gallardo, Puerto Natales Ad.",51&deg 40' 2'' S,69,2023,11,15,-0.7,9.6
510005,"Teniente Gallardo, Puerto Natales Ad.",51&deg 40' 2'' S,69,2023,11,16,3.6,11.9
510005,"Teniente Gallardo, Puerto Natales Ad.",51&deg 40' 2'' S,69,2023,11,17,-1.3,9.9
510005,"Teniente Gallardo, Puerto Natales Ad.",51&deg 40' 2'' S,69,2023,11,18,2.6,7.4
510005,"Teniente Gallardo, Puerto Natales Ad.",51&deg 40' 2'' S,69,2023,11,19,-1.8,13.6
510005,"Teniente Gallardo, Puerto Natales Ad.",51&deg 40' 2'' S,69,2023,11,20,1.9,14.4
510005,"Teniente Gallardo, Puerto Natales Ad.",51&deg 40' 2'' S,69,2023,11,21,4.4,12.7
510005,"Teniente Gallardo, Puerto Natales Ad.",51&deg 40' 2'' S,69,2023,11,22,6.2,12.9
510005,"Teniente Gallardo, Puerto Natales Ad.",51&deg 40' 2'' S,69,2023,11,23,5.7,15.9
510005,"Teniente Gallardo, Puerto Natales Ad.",51&deg 40' 2'' S,69,2023,11,24,8.9,16.7
510005,"Teniente Gallardo, Puerto Natales Ad.",51&deg 40' 2'' S,69,2023,11,25,7.9,16.5
510005,"Teniente Gallardo, Puerto Natales Ad.",51&deg 40' 2'' S,69,2023,11,26,2.1,11.9
510005,"Teniente Gallardo, Puerto Natales Ad.",51&deg 40' 2'' S,69,2023,11,27,-3.7,14.0
510005,"Teniente Gallardo, Puerto Natales Ad.",51&deg 40' 2'' S,69,2023,11,28,1.1,12.5
510005,"Teniente Gallardo, Puerto Natales Ad.",51&deg 40' 2'' S,69,2023,11,29,1.3,11.2
510005,"Teniente Gallardo, Puerto Natales Ad.",51&deg 40' 2'' S,69,2023,11,30,1.7,10.7
520006,"Carlos Ibañez, Punta Arenas Ap.",53&deg 0' 6'' S,36,2023,11,1,2.2,11.0
520006,"Carlos Ibañez, Punta Arenas Ap.",53&deg 0' 6'' S,36,2023,11,2,5.4,13.7
520006,"Carlos Ibañez, Punta Arenas Ap.",53&deg 0' 6'' S,36,2023,11,3,3.8,11.5
520006,"Carlos Ibañez, Punta Arenas Ap.",53&deg 0' 6'' S,36,2023,11,4,5.5,11.7
520006,"Carlos Ibañez, Punta Arenas Ap.",53&deg 0' 6'' S,36,2023,11,5,4.8,15.2
520006,"Carlos Ibañez, Punta Arenas Ap.",53&deg 0' 6'' S,36,2023,11,6,3.8,16.7
520006,"Carlos Ibañez, Punta Arenas Ap.",53&deg 0' 6'' S,36,2023,11,7,6.3,11.5
520006,"Carlos Ibañez, Punta Arenas Ap.",53&deg 0' 6'' S,36,2023,11,8,-0.8,13.1
520006,"Carlos Ibañez, Punta Arenas Ap.",53&deg 0' 6'' S,36,2023,11,9,0.4,12.6
520006,"Carlos Ibañez, Punta Arenas Ap.",53&deg 0' 6'' S,36,2023,11,10,6.9,16.4
520006,"Carlos Ibañez, Punta Arenas Ap.",53&deg 0' 6'' S,36,2023,11,11,4.5,9.4
520006,"Carlos Ibañez, Punta Arenas Ap.",53&deg 0' 6'' S,36,2023,11,12,-2.2,14.0
520006,"Carlos Ibañez, Punta Arenas Ap.",53&deg 0' 6'' S,36,2023,11,13,5.3,9.1
520006,"Carlos Ibañez, Punta Arenas Ap.",53&deg 0' 6'' S,36,2023,11,14,-0.1,9.6
520006,"Carlos Ibañez, Punta Arenas Ap.",53&deg 0' 6'' S,36,2023,11,15,1.8,9.0
520006,"Carlos Ibañez, Punta Arenas Ap.",53&deg 0' 6'' S,36,2023,11,16,2.1,10.5
520006,"Carlos Ibañez, Punta Arenas Ap.",53&deg 0' 6'' S,36,2023,11,17,1.9,9.5
520006,"Carlos Ibañez, Punta Arenas Ap.",53&deg 0' 6'' S,36,2023,11,18,2.0,6.9
520006,"Carlos Ibañez, Punta Arenas Ap.",53&deg 0' 6'' S,36,2023,11,19,1.8,8.0
520006,"Carlos Ibañez, Punta Arenas Ap.",53&deg 0' 6'' S,36,2023,11,20,2.2,6.7
520006,"Carlos Ibañez, Punta Arenas Ap.",53&deg 0' 6'' S,36,2023,11,21,5.7,11.9
520006,"Carlos Ibañez, Punta Arenas Ap.",53&deg 0' 6'' S,36,2023,11,22,4.3,10.6
520006,"Carlos Ibañez, Punta Arenas Ap.",53&deg 0' 6'' S,36,2023,11,23,5.3,14.6
520006,"Carlos Ibañez, Punta Arenas Ap.",53&deg 0' 6'' S,36,2023,11,24,8.3,13.0
520006,"Carlos Ibañez, Punta Arenas Ap.",53&deg 0' 6'' S,36,2023,11,25,7.9,16.2
520006,"Carlos Ibañez, Punta Arenas Ap.",53&deg 0' 6'' S,36,2023,11,26,4.2,11.6
520006,"Carlos Ibañez, Punta Arenas Ap.",53&deg 0' 6'' S,36,2023,11,27,2.0,13.0
520006,"Carlos Ibañez, Punta Arenas Ap.",53&deg 0' 6'' S,36,2023,11,28,6.2,13.9
520006,"Carlos Ibañez, Punta Arenas Ap.",53&deg 0' 6'' S,36,2023,11,29,2.8,11.6
520006,"Carlos Ibañez, Punta Arenas Ap.",53&deg 0' 6'' S,36,2023,11,30,3.4,10.5
530005,"Fuentes Martínez, Porvenir Ad.",53&deg 15' 13'' S,25,2023,11,1,0.5,11.6
530005,"Fuentes Martínez, Porvenir Ad.",53&deg 15' 13'' S,25,2023,11,2,5.8,12.7
530005,"Fuentes Martínez, Porvenir Ad.",53&deg 15' 13'' S,25,2023,11,3,3.2,11.8
530005,"Fuentes Martínez, Porvenir Ad.",53&deg 15' 13'' S,25,2023,11,4,2.2,11.6
530005,"Fuentes Martínez, Porvenir Ad.",53&deg 15' 13'' S,25,2023,11,5,3.3,15.1
530005,"Fuentes Martínez, Porvenir Ad.",53&deg 15' 13'' S,25,2023,11,6,5.1,16.5
530005,"Fuentes Martínez, Porvenir Ad.",53&deg 15' 13'' S,25,2023,11,7,4.8,11.6
530005,"Fuentes Martínez, Porvenir Ad.",53&deg 15' 13'' S,25,2023,11,8,-1.7,13.5
530005,"Fuentes Martínez, Porvenir Ad.",53&deg 15' 13'' S,25,2023,11,9,3.2,12.3
530005,"Fuentes Martínez, Porvenir Ad.",53&deg 15' 13'' S,25,2023,11,10,6.4,15.9
530005,"Fuentes Martínez, Porvenir Ad.",53&deg 15' 13'' S,25,2023,11,11,4.1,10.0
530005,"Fuentes Martínez, Porvenir Ad.",53&deg 15' 13'' S,25,2023,11,12,-3.0,13.8
530005,"Fuentes Martínez, Porvenir Ad.",53&deg 15' 13'' S,25,2023,11,13,3.2,9.3
530005,"Fuentes Martínez, Porvenir Ad.",53&deg 15' 13'' S,25,2023,11,14,2.3,9.8
530005,"Fuentes Martínez, Porvenir Ad.",53&deg 15' 13'' S,25,2023,11,15,0.2,8.7
530005,"Fuentes Martínez, Porvenir Ad.",53&deg 15' 13'' S,25,2023,11,16,2.1,12.0
530005,"Fuentes Martínez, Porvenir Ad.",53&deg 15' 13'' S,25,2023,11,17,0.0,12.5
530005,"Fuentes Martínez, Porvenir Ad.",53&deg 15' 13'' S,25,2023,11,18,3.8,8.5
530005,"Fuentes Martínez, Porvenir Ad.",53&deg 15' 13'' S,25,2023,11,19,2.4,10.7
530005,"Fuentes Martínez, Porvenir Ad.",53&deg 15' 13'' S,25,2023,11,20,1.3,9.5
530005,"Fuentes Martínez, Porvenir Ad.",53&deg 15' 13'' S,25,2023,11,21,5.0,12.3
530005,"Fuentes Martínez, Porvenir Ad.",53&deg 15' 13'' S,25,2023,11,22,3.9,11.4
530005,"Fuentes Martínez, Porvenir Ad.",53&deg 15' 13'' S,25,2023,11,23,4.5,15.4
530005,"Fuentes Martínez, Porvenir Ad.",53&deg 15' 13'' S,25,2023,11,24,8.6,14.2
530005,"Fuentes Martínez, Porvenir Ad.",53&deg 15' 13'' S,25,2023,11,25,6.3,15.5
530005,"Fuentes Martínez, Porvenir Ad.",53&deg 15' 13'' S,25,2023,11,26,1.7,11.1
530005,"Fuentes Martínez, Porvenir Ad.",53&deg 15' 13'' S,25,2023,11,27,0.7,15.8
530005,"Fuentes Martínez, Porvenir Ad.",53&deg 15' 13'' S,25,2023,11,28,4.5,14.6
530005,"Fuentes Martínez, Porvenir Ad.",53&deg 15' 13'' S,25,2023,11,29,4.2,12.0
530005,"Fuentes Martínez, Porvenir Ad.",53&deg 15' 13'' S,25,2023,11,30,4.5,10.4
550001,"Guardiamarina Zañartu, Pto Williams Ad.",54&deg 55' 54'' S,12,2023,11,1,4.1,8.5
550001,"Guardiamarina Zañartu, Pto Williams Ad.",54&deg 55' 54'' S,12,2023,11,2,3.1,14.7
550001,"Guardiamarina Zañartu, Pto Williams Ad.",54&deg 55' 54'' S,12,2023,11,3,3.9,11.6
550001,"Guardiamarina Zañartu, Pto Williams Ad.",54&deg 55' 54'' S,12,2023,11,4,0.8,9.0
550001,"Guardiamarina Zañartu, Pto Williams Ad.",54&deg 55' 54'' S,12,2023,11,5,0.5,14.8
550001,"Guardiamarina Zañartu, Pto Williams Ad.",54&deg 55' 54'' S,12,2023,11,6,3.5,14.0
550001,"Guardiamarina Zañartu, Pto Williams Ad.",54&deg 55' 54'' S,12,2023,11,7,4.2,11.6
550001,"Guardiamarina Zañartu, Pto Williams Ad.",54&deg 55' 54'' S,12,2023,11,8,-1.1,11.5
550001,"Guardiamarina Zañartu, Pto Williams Ad.",54&deg 55' 54'' S,12,2023,11,9,0.1,12.3
550001,"Guardiamarina Zañartu, Pto Williams Ad.",54&deg 55' 54'' S,12,2023,11,10,4.7,16.7
550001,"Guardiamarina Zañartu, Pto Williams Ad.",54&deg 55' 54'' S,12,2023,11,11,2.7,9.9
550001,"Guardiamarina Zañartu, Pto Williams Ad.",54&deg 55' 54'' S,12,2023,11,12,-0.9,13.9
550001,"Guardiamarina Zañartu, Pto Williams Ad.",54&deg 55' 54'' S,12,2023,11,13,2.5,9.0
550001,"Guardiamarina Zañartu, Pto Williams Ad.",54&deg 55' 54'' S,12,2023,11,14,-1.3,10.8
550001,"Guardiamarina Zañartu, Pto Williams Ad.",54&deg 55' 54'' S,12,2023,11,15,0.4,6.8
550001,"Guardiamarina Zañartu, Pto Williams Ad.",54&deg 55' 54'' S,12,2023,11,16,0.4,11.5
550001,"Guardiamarina Zañartu, Pto Williams Ad.",54&deg 55' 54'' S,12,2023,11,17,4.4,8.0
550001,"Guardiamarina Zañartu, Pto Williams Ad.",54&deg 55' 54'' S,12,2023,11,18,1.6,6.7
550001,"Guardiamarina Zañartu, Pto Williams Ad.",54&deg 55' 54'' S,12,2023,11,19,-1.0,4.4
550001,"Guardiamarina Zañartu, Pto Williams Ad.",54&deg 55' 54'' S,12,2023,11,20,0.7,6.7
550001,"Guardiamarina Zañartu, Pto Williams Ad.",54&deg 55' 54'' S,12,2023,11,21,0.3,5.3
550001,"Guardiamarina Zañartu, Pto Williams Ad.",54&deg 55' 54'' S,12,2023,11,22,2.4,9.0
550001,"Guardiamarina Zañartu, Pto Williams Ad.",54&deg 55' 54'' S,12,2023,11,23,3.8,12.1
550001,"Guardiamarina Zañartu, Pto Williams Ad.",54&deg 55' 54'' S,12,2023,11,24,8.5,14.1
550001,"Guardiamarina Zañartu, Pto Williams Ad.",54&deg 55' 54'' S,12,2023,11,25,5.6,16.5
550001,"Guardiamarina Zañartu, Pto Williams Ad.",54&deg 55' 54'' S,12,2023,11,26,2.2,10.1
550001,"Guardiamarina Zañartu, Pto Williams Ad.",54&deg 55' 54'' S,12,2023,11,27,1.6,15.1
550001,"Guardiamarina Zañartu, Pto Williams Ad.",54&deg 55' 54'' S,12,2023,11,28,6.9,16.6
550001,"Guardiamarina Zañartu, Pto Williams Ad.",54&deg 55' 54'' S,12,2023,11,29,3.1,12.2
550001,"Guardiamarina Zañartu, Pto Williams Ad.",54&deg 55' 54'' S,12,2023,11,30,3.6,10.8
950001,"C.M.A. Eduardo Frei Montalva, Antártica ",62&deg 11' 31'' S,45,2023,11,1,-5.3,-1.5
950001,"C.M.A. Eduardo Frei Montalva, Antártica ",62&deg 11' 31'' S,45,2023,11,2,-5.0,-3.3
950001,"C.M.A. Eduardo Frei Montalva, Antártica ",62&deg 11' 31'' S,45,2023,11,3,-4.9,-1.4
950001,"C.M.A. Eduardo Frei Montalva, Antártica ",62&deg 11' 31'' S,45,2023,11,4,-1.7,-0.4
950001,"C.M.A. Eduardo Frei Montalva, Antártica ",62&deg 11' 31'' S,45,2023,11,5,-2.5,-0.4
950001,"C.M.A. Eduardo Frei Montalva, Antártica ",62&deg 11' 31'' S,45,2023,11,6,-2.4,-0.7
950001,"C.M.A. Eduardo Frei Montalva, Antártica ",62&deg 11' 31'' S,45,2023,11,7,-2.6,-0.5
950001,"C.M.A. Eduardo Frei Montalva, Antártica ",62&deg 11' 31'' S,45,2023,11,8,-3.7,-0.6
950001,"C.M.A. Eduardo Frei Montalva, Antártica ",62&deg 11' 31'' S,45,2023,11,9,-1.7,-0.5
950001,"C.M.A. Eduardo Frei Montalva, Antártica ",62&deg 11' 31'' S,45,2023,11,10,-1.5,-0.6
950001,"C.M.A. Eduardo Frei Montalva, Antártica ",62&deg 11' 31'' S,45,2023,11,11,-3.1,-0.8
950001,"C.M.A. Eduardo Frei Montalva, Antártica ",62&deg 11' 31'' S,45,2023,11,12,-2.8,0.2
950001,"C.M.A. Eduardo Frei Montalva, Antártica ",62&deg 11' 31'' S,45,2023,11,13,-1.8,-0.2
950001,"C.M.A. Eduardo Frei Montalva, Antártica ",62&deg 11' 31'' S,45,2023,11,14,-2.4,-1.0
950001,"C.M.A. Eduardo Frei Montalva, Antártica ",62&deg 11' 31'' S,45,2023,11,15,-3.4,-2.3
950001,"C.M.A. Eduardo Frei Montalva, Antártica ",62&deg 11' 31'' S,45,2023,11,16,-3.4,-0.6
950001,"C.M.A. Eduardo Frei Montalva, Antártica ",62&deg 11' 31'' S,45,2023,11,17,-4.8,-1.7
950001,"C.M.A. Eduardo Frei Montalva, Antártica ",62&deg 11' 31'' S,45,2023,11,18,-3.9,-2.5
950001,"C.M.A. Eduardo Frei Montalva, Antártica ",62&deg 11' 31'' S,45,2023,11,19,-4.6,-2.7
950001,"C.M.A. Eduardo Frei Montalva, Antártica ",62&deg 11' 31'' S,45,2023,11,20,-3.3,-1.1
950001,"C.M.A. Eduardo Frei Montalva, Antártica ",62&deg 11' 31'' S,45,2023,11,21,-3.6,0.0
950001,"C.M.A. Eduardo Frei Montalva, Antártica ",62&deg 11' 31'' S,45,2023,11,22,-3.4,-0.8
950001,"C.M.A. Eduardo Frei Montalva, Antártica ",62&deg 11' 31'' S,45,2023,11,23,-2.7,-0.9
950001,"C.M.A. Eduardo Frei Montalva, Antártica ",62&deg 11' 31'' S,45,2023,11,24,-2.5,-0.7
950001,"C.M.A. Eduardo Frei Montalva, Antártica ",62&deg 11' 31'' S,45,2023,11,25,-2.2,-0.4
950001,"C.M.A. Eduardo Frei Montalva, Antártica ",62&deg 11' 31'' S,45,2023,11,26,-3.2,-0.8
950001,"C.M.A. Eduardo Frei Montalva, Antártica ",62&deg 11' 31'' S,45,2023,11,27,-4.3,-0.3
950001,"C.M.A. Eduardo Frei Montalva, Antártica ",62&deg 11' 31'' S,45,2023,11,28,-1.3,1.1
950001,"C.M.A. Eduardo Frei Montalva, Antártica ",62&deg 11' 31'' S,45,2023,11,29,-2.2,0.3
950001,"C.M.A. Eduardo Frei Montalva, Antártica ",62&deg 11' 31'' S,45,2023,11,30,-2.2,0.8
